ENTIDAD_RES,MUNICIPIO_RES,naci_19,tasa_nat,muer_19,tasa_mor
1,1,15682,19.6760392,5415,6.79414311
1,2,1058,23.25683637,161,3.539083795
1,3,1052,19.43254027,323,5.966454854
1,4,377,25.0631565,77,5.119000133
1,5,2406,24.15905211,216,2.168892459
1,6,927,22.14418805,243,5.804787158
1,7,1239,25.2054683,257,5.228252909
1,8,245,29.01812152,46,5.448300367
1,9,451,22.93064877,94,4.779336994
1,10,451,23.953686,71,3.770979392
1,11,1120,31.31202997,111,3.103245827
2,1,9210,19.72948541,3393,7.268419542
2,2,14084,15.03374159,6375,6.804892264
2,3,1956,19.35120055,627,6.203068887
2,4,29549,18.94551649,12006,7.697718062
2,5,1753,19.3342745,702,7.742533198
2,6,0,0,0,0
3,1,1069,15.09545865,187,2.640646182
3,2,1007,17.03488175,184,3.112629834
3,3,3484,13.83247774,2681,10.64433778
3,4,5934,24.88185939,573,2.402646685
3,5,264,15.77249373,13,0.776675827
4,1,914,17.28114956,330,6.239364719
4,2,3954,15.26611455,2446,9.443833131
4,3,3716,16.80733082,1077,4.871231241
4,4,1545,18.60974934,358,4.312161983
4,5,528,18.65328906,125,4.416024871
4,6,868,22.97694364,173,4.579506049
4,7,123,14.72701149,46,5.507662835
4,8,197,20.23418242,62,6.368118324
4,9,1062,19.59988188,189,3.488114573
4,10,586,21.79897329,62,2.306376014
4,11,919,22.30907414,152,3.689857746
4,12,0,0,0,0
5,1,20,18.69158879,4,3.738317757
5,2,3144,22.99001865,410,2.998062228
5,3,485,21.38919515,108,4.762954796
5,4,285,12.64194464,16,0.709723208
5,5,26,14.38053097,10,5.530973451
5,6,564,21.78279005,98,3.784952881
5,7,226,17.36724814,53,4.072850227
5,8,51,17.58014478,6,2.068252327
5,9,1185,21.2838566,206,3.699978447
5,10,1414,18.7994416,205,2.725520175
5,11,206,17.63396679,46,3.937681904
5,12,25,11.95600191,2,0.956480153
5,13,24,12.95896328,1,0.539956803
5,14,117,11.77654756,24,2.415702063
5,15,39,24.3902439,,0
5,16,34,18.52861035,10,5.449591281
5,17,1907,17.79581934,520,4.852556924
5,18,3765,17.41394781,1752,8.103382885
5,19,131,15.96198367,46,5.604971366
5,20,1325,19.82523865,292,4.369033725
5,21,82,12.94396212,40,6.314127861
5,22,517,18.51188771,53,1.897737038
5,23,126,11.46392503,20,1.81967064
5,24,834,18.36963944,183,4.030748221
5,25,3101,20.29370574,555,3.632056333
5,26,56,16.12438814,2,0.575871005
5,27,1982,26.2652231,177,2.345582486
5,28,1097,18.0288264,254,4.174404654
5,29,51,22.03975799,5,2.160760588
5,30,15056,20.76337394,7504,10.34858914
5,31,448,20.2266468,68,3.070116032
5,32,662,15.89473937,236,5.666402555
5,33,1819,17.72040916,661,6.439357038
5,34,73,11.45098039,6,0.941176471
5,35,11345,17.73684433,4358,6.813324599
5,36,283,13.27454383,40,1.876260613
5,37,128,20.3529973,11,1.749085705
5,38,260,20.46921745,68,5.35348764
6,1,430,14.98518906,100,3.484927688
6,2,2293,15.60883298,2330,15.86069814
6,3,298,14.26656453,72,3.44695519
6,4,286,14.75367552,73,3.765798298
6,5,450,16.600878,91,3.35706644
6,6,85,16.03773585,27,5.094339623
6,7,2953,18.29389171,1029,6.374674761
6,8,197,24.10080744,36,4.404208466
6,9,1920,17.03245037,670,5.943615492
6,10,1892,15.7724499,905,7.544432959
7,1,552,32.8297847,104,6.185321756
7,2,562,19.41479255,138,4.767333402
7,3,640,23.20522117,193,6.997824511
7,4,967,32.37903901,104,3.482337184
7,5,752,35.346651,130,6.110458284
7,6,812,27.48163942,157,5.313568213
7,7,387,44.340055,29,3.32263978
7,8,753,28.27850383,141,5.295178008
7,9,713,17.80630338,261,6.518155936
7,10,169,22.16974944,29,3.804276532
7,11,401,20.79767647,93,4.823401276
7,12,1319,30.54725677,229,5.303504018
7,13,1122,36.61640885,186,6.070099863
7,14,1002,53.98997791,101,5.442103562
7,15,1426,32.54890324,269,6.1400105
7,16,335,19.54492415,99,5.77596266
7,17,2177,27.86952403,492,6.298486827
7,18,246,29.13311227,53,6.276646139
7,19,2957,20.96969783,1002,7.105727841
7,20,1114,25.2710857,250,5.671249036
7,21,390,18.52731591,128,6.080760095
7,22,991,70.64946175,103,7.342981393
7,23,3595,46.72411328,388,5.042825022
7,24,622,57.50208006,62,5.731718591
7,25,190,25.91380251,43,5.864702673
7,26,1426,39.48935227,165,4.569244828
7,27,1981,22.61338082,459,5.239546591
7,28,99,18.31637373,43,7.95559667
7,29,136,27.10243125,29,5.779194898
7,30,839,26.62224338,154,4.886561955
7,31,4260,38.18778349,453,4.060813597
7,32,756,25.14300918,162,5.387787681
7,33,169,24.14285714,31,4.428571429
7,34,2378,35.48618158,369,5.506476452
7,35,1249,98.61823924,82,6.474536123
7,36,214,29.42794279,39,5.363036304
7,37,795,23.77108001,228,6.817366344
7,38,731,33.98893384,135,6.277026085
7,39,798,35.41001065,117,5.191693291
7,40,1274,24.80577893,459,8.937089897
7,41,1081,26.19589977,207,5.016236127
7,42,295,28.81140736,43,4.19962887
7,43,271,26.63128931,60,5.896226415
7,44,618,25.20699923,106,4.323530611
7,45,151,27.56480467,26,4.746257758
7,46,776,20.51932942,308,8.144269924
7,47,726,38.85885564,95,5.084836482
7,48,334,15.84139632,131,6.213242269
7,49,1180,57.98810752,119,5.847953216
7,50,133,26.73904302,32,6.433453961
7,51,957,21.79309088,305,6.945551431
7,52,3283,29.44817193,501,4.49391841
7,53,276,35.41639933,50,6.416014372
7,54,654,24.61144771,199,7.488804426
7,55,112,22.25312935,37,7.35148023
7,56,792,70.98682442,53,4.750380927
7,57,2101,30.39685181,346,5.00585946
7,58,112,25.94394255,20,4.632846884
7,59,8982,45.16359358,648,3.258295328
7,60,525,44.19936016,81,6.819329854
7,61,2232,27.19994151,458,5.581350004
7,62,400,23.43704225,89,5.2147419
7,63,108,28.48101266,18,4.746835443
7,64,2019,46.57439446,260,5.997693195
7,65,3082,27.78629258,669,6.031482717
7,66,1197,58.13784059,111,5.391228326
7,67,371,34.13063477,59,5.427782889
7,68,511,17.14017375,174,5.836380103
7,69,866,17.29267757,348,6.949020548
7,70,250,18.93795925,81,6.135898796
7,71,698,25.01881788,176,6.308469838
7,72,927,29.8310539,123,3.958165728
7,73,236,26.21639636,50,5.554321262
7,74,749,18.39797598,227,5.57588858
7,75,552,21.62162162,171,6.69800235
7,76,1194,47.40540755,100,3.97030214
7,77,1529,26.70602414,191,3.336069726
7,78,4763,25.618959,1100,5.916618706
7,79,845,25.55958863,193,5.837870538
7,80,1149,30.12348268,174,4.561780667
7,81,2090,51.86490309,171,4.243492071
7,82,688,56.07628984,56,4.564349173
7,83,387,22.59854015,98,5.722627737
7,84,220,27.2783633,40,4.959702418
7,85,236,24.22997947,59,6.057494867
7,86,499,23.71109527,142,6.747445949
7,87,1316,37.5399361,201,5.73368325
7,88,43,19.2393736,10,4.474272931
7,89,9516,29.6956477,2469,7.704766095
7,90,117,28.39116719,23,5.581169619
7,91,286,23.50041085,62,5.094494659
7,92,486,11.84066269,126,3.069801437
7,93,1672,41.52180391,238,5.910400318
7,94,1350,35.89757226,173,4.600207408
7,96,2140,29.95856199,275,3.849815209
7,97,1829,21.62091874,697,8.239355037
7,98,162,25.41176471,30,4.705882353
7,99,2077,28.54237381,408,5.606783108
7,100,968,30.51413801,127,4.00340447
7,101,10062,18.18300101,3451,6.236288658
7,102,796,21.09335665,309,8.188250258
7,103,705,25.05597612,181,6.43281089
7,104,283,20.20129916,74,5.28231851
7,105,392,27.82312442,110,7.807509404
7,106,1195,19.48126049,366,5.966645474
7,107,1381,18.54263732,320,4.296628489
7,108,2184,22.14605853,710,7.199497049
7,109,1686,49.54743153,190,5.583637005
7,110,172,25.54202554,45,6.682506683
7,111,1279,35.0516594,182,4.987804544
7,112,1798,61.96581197,170,5.858836504
7,113,250,49.29022082,30,5.914826498
7,114,691,39.98379817,104,6.017822011
7,115,468,40.86979303,34,2.969172998
7,116,455,46.16477273,43,4.362824675
7,117,455,65.94202899,46,6.666666667
7,118,186,40.92409241,5,1.100110011
7,119,235,72.41910632,18,5.546995378
7,120,0,0,0,0
7,121,0,0,0,0
7,122,0,0,0,0
7,123,0,0,0,0
7,124,0,0,0,0
7,125,0,0,0,0
8,1,271,23.65366152,35,3.054900934
8,2,371,16.63527935,66,2.959375841
8,3,129,15.34070639,43,5.113568795
8,4,167,15.625,25,2.339071856
8,5,512,21.35557873,59,2.460896767
8,6,78,12.97621028,23,3.826318416
8,7,535,30.27387958,56,3.168854685
8,8,407,28.33867149,36,2.506614678
8,9,836,29.06208719,178,6.187860669
8,10,443,19.79622844,106,4.736795067
8,11,884,18.1340773,247,5.066874538
8,12,747,84.93462194,36,4.093234792
8,13,174,16.43525078,32,3.022574856
8,14,22,9.632224168,6,2.626970228
8,15,15,8.923259964,5,2.974419988
8,16,50,12.55650427,17,4.269211452
8,17,2879,18.61755443,1226,7.928142319
8,18,60,11.08237902,30,5.541189509
8,19,12669,15.45861535,11833,14.43853465
8,20,110,13.03163132,21,2.487856889
8,21,2210,16.02203937,1343,9.736470076
8,22,22,7.557540364,17,5.839917554
8,23,172,29.19212492,18,3.054989817
8,24,39,9.906019812,21,5.334010668
8,25,68,7.884972171,66,7.653061224
8,26,27,8.413836086,12,3.739482705
8,27,1437,28.91988166,199,4.004910544
8,28,59,9.135955404,65,10.06503561
8,29,1954,36.52404718,120,2.24303258
8,30,169,18.78195154,24,2.667259391
8,31,627,15.82294453,228,5.753798011
8,32,1827,17.06503769,974,9.097617246
8,33,25,23.83222116,1,0.953288847
8,34,59,8.508797231,35,5.047591578
8,35,263,24.0116863,37,3.378069935
8,36,699,16.9392948,180,4.362050164
8,37,22149,16.62674317,7242,5.436402276
8,38,74,14.94044014,17,3.432263275
8,39,46,11.42857143,20,4.968944099
8,40,403,13.60980717,107,3.613522002
8,41,55,28.6309214,3,1.561686622
8,42,16,9.993753904,8,4.996876952
8,43,36,11.59793814,15,4.832474227
8,44,57,12.66948211,14,3.111802623
8,45,633,14.44117446,143,3.262382223
8,46,267,32.00287666,8,0.95888769
8,47,97,18.26054217,7,1.317771084
8,48,362,15.82167832,162,7.08041958
8,49,47,16.4970165,3,1.053001053
8,50,1048,17.66182989,404,6.80856801
8,51,167,22.13093029,12,1.590246488
8,52,390,14.82664234,158,6.006690998
8,53,75,15.62825589,18,3.750781413
8,54,246,30.70394408,18,2.246630055
8,55,206,12.27286268,33,1.966041108
8,56,22,9.843400447,5,2.237136465
8,57,35,15.28384279,9,3.930131004
8,58,35,11.73315454,7,2.346630908
8,59,83,17.46265517,22,4.628655586
8,60,240,23.01716697,38,3.64438477
8,61,31,8.465319498,18,4.915346805
8,62,458,14.16860015,113,3.495746326
8,63,75,12.07535019,25,4.025116728
8,64,33,17.6565008,12,6.420545746
8,65,601,29.48101638,86,4.218581379
8,66,217,26.46341463,12,1.463414634
8,67,76,14.88736533,21,4.113614104
9,2,4663,11.24397472,1693,4.082360969
9,3,5868,9.458170002,352,0.567361254
9,4,2979,15.98253135,459,2.462565253
9,5,13551,11.42799796,3977,3.353933134
9,6,4240,11.0323007,374,0.973132185
9,7,22088,12.16442907,3659,2.015105304
9,8,2837,11.8660231,681,2.848347457
9,9,2221,17.00846977,367,2.810494555
9,10,8333,11.46163728,16173,22.24517698
9,11,5119,14.20898505,601,1.668216452
9,12,7490,11.51303401,748,1.149766281
9,13,5168,12.452802,916,2.207191686
9,14,3474,9.013099349,10779,27.96551465
9,15,5924,11.13887682,34831,65.49260949
9,16,4246,11.38676657,843,2.260726382
9,17,4898,11.36484925,900,2.088273647
10,1,499,15.89121366,208,6.623992866
10,2,73,17.70984959,10,2.426006793
10,3,71,15.67328918,19,4.194260486
10,4,623,18.50641635,160,4.752851711
10,5,10974,18.84702379,3972,6.821612765
10,6,207,19.47502117,41,3.857371343
10,7,6236,19.01306462,1881,5.73501837
10,8,661,19.41148831,233,6.842476213
10,9,168,16.55335501,37,3.645679377
10,10,49,11.48886284,26,6.096131301
10,11,63,11.93181818,35,6.628787879
10,12,2616,18.54753515,1019,7.224747063
10,13,571,22.71551896,142,5.649043243
10,14,2164,64.79817942,68,2.036171997
10,15,213,17.16219483,92,7.412778986
10,16,364,19.68844656,105,5.679359585
10,17,144,14.95948473,53,5.505921463
10,18,236,20.84805654,79,6.978798587
10,19,57,10.94470046,14,2.688172043
10,20,210,17.60710992,103,8.635868198
10,21,214,20.43349566,76,7.256755466
10,22,412,16.53423228,173,6.942772293
10,23,1280,26.03636955,198,4.027500915
10,24,309,24.16327807,108,8.445417579
10,25,49,14.27323041,20,5.825808331
10,26,336,17.06363313,41,2.082169519
10,27,120,20.17824113,42,7.062384395
10,28,219,18.47321805,115,9.700548292
10,29,48,22.00825309,22,10.087116
10,30,22,12.87302516,7,4.095962551
10,31,128,18.27788091,39,5.569041839
10,32,942,20.94916159,267,5.937819686
10,33,127,18.78420352,39,5.768377459
10,34,637,24.15807039,48,1.82038835
10,35,185,17.21731038,82,7.631456491
10,36,356,16.00431577,110,4.945153749
10,37,217,25.28842792,28,3.263022958
10,38,537,25.42974854,180,8.523938059
10,39,612,23.45546528,182,6.975318105
11,1,1747,20.71574254,368,4.363705355
11,2,1815,16.64679446,861,7.896909108
11,3,3887,24.23573571,1825,11.37901149
11,4,1164,18.06527711,276,4.283519315
11,5,1712,20.06587044,373,4.37182808
11,6,90,16.04278075,20,3.565062389
11,7,8207,17.51876858,4993,10.65812252
11,8,709,19.08736034,167,4.495894468
11,9,1763,22.66241612,370,4.75615086
11,10,188,16.08074587,56,4.790009409
11,11,1601,18.11147437,383,4.332726224
11,12,578,21.16595869,151,5.52951516
11,13,608,26.06756989,71,3.044074773
11,14,3555,23.9922253,746,5.034655437
11,15,3276,19.07879028,1009,5.876220815
11,16,415,20.62931849,112,5.567430531
11,17,11084,20.93532789,5857,11.06263222
11,18,635,17.35731467,181,4.947518041
11,19,1226,24.11866541,254,4.996852376
11,20,29044,20.21886834,9899,6.89115059
11,21,707,14.32217811,318,6.441941496
11,22,573,25.26120883,93,4.099986774
11,23,2847,18.98810159,902,6.015900117
11,24,247,22.11478199,94,8.416151849
11,25,1637,23.79533396,240,3.488625627
11,26,1406,24.81687406,234,4.130262113
11,27,4348,16.67612721,1597,6.125063283
11,28,1414,14.56920889,700,7.212479651
11,29,870,23.44823869,136,3.665471795
11,30,2456,22.96357244,458,4.282294861
11,31,2618,23.05186229,454,3.99753456
11,32,1657,22.88326359,377,5.206391294
11,33,2760,23.86387217,537,4.643079477
11,34,128,25,30,5.859375
11,35,1675,21.1452521,410,5.175852753
11,36,101,15.14242879,48,7.196401799
11,37,3975,22.97369151,853,4.929951914
11,38,215,18.46920368,58,4.982389829
11,39,574,16.1367406,222,6.241039049
11,40,410,22.55845942,60,3.301237964
11,41,892,15.04089031,358,6.036590507
11,42,2860,20.27534773,753,5.338229664
11,43,455,22.95660949,92,4.641775984
11,44,1165,20.88487326,207,3.710874476
11,45,201,17.38754325,53,4.584775087
11,46,1256,17.74462434,447,6.315164872
12,1,12008,15.200558,5348,6.769868767
12,2,838,33.48383746,130,5.194390059
12,3,888,23.24424783,148,3.874041306
12,4,798,42.06420326,54,2.846449844
12,5,196,29.5314148,42,6.328160313
12,6,281,22.68141093,71,5.730890306
12,7,828,25.7294677,193,5.997327616
12,8,186,22.16924911,38,4.52920143
12,9,216,37.85488959,31,5.432877673
12,10,874,33.18021336,130,4.935272009
12,11,1188,19.37504077,314,5.12101246
12,12,1796,28.64890732,231,3.684798213
12,13,321,22.24686395,59,4.088987456
12,14,235,15.64684733,95,6.32532126
12,15,215,16.94514502,76,5.989911728
12,16,227,17.42802303,37,2.840690979
12,17,400,27.19793296,111,7.547426396
12,18,319,23.39395717,70,5.133470226
12,19,447,30.92141671,109,7.540121749
12,20,732,38.82259348,91,4.82630602
12,21,1312,17.8600599,322,4.383337871
12,22,927,22.03522784,208,4.944258242
12,23,654,25.22953476,146,5.63228146
12,24,211,30.1127444,29,4.138718424
12,25,419,27.72080715,56,3.704928879
12,26,155,16.91032075,70,7.636919049
12,27,432,20.198242,132,6.171685057
12,28,3337,27.62645914,589,4.876231476
12,29,5993,24.79345681,1400,5.791897136
12,30,541,26.81536555,65,3.22180917
12,31,165,26.18631963,40,6.348198699
12,32,1109,30.31214126,80,2.186628765
12,33,378,26.26276662,97,6.739387202
12,34,728,19.48399529,331,8.858794562
12,35,2781,19.81291366,1418,10.10237741
12,36,304,28.10910772,28,2.588996764
12,37,121,18.32500379,36,5.452067242
12,38,2121,17.94249266,703,5.946993089
12,39,479,19.66015433,166,6.813331144
12,40,661,26.7394822,105,4.247572816
12,41,846,28.58204669,146,4.932599074
12,42,586,33.10360411,70,3.95435544
12,43,934,49.22006745,63,3.319983137
12,44,227,19.95428973,63,5.537974684
12,45,747,30.21477976,128,5.177365206
12,46,1687,27.5176981,268,4.371513392
12,47,156,22.35597592,23,3.296073373
12,48,878,19.52022055,212,4.713310656
12,49,191,16.52535041,66,5.710330507
12,50,902,24.35533954,165,4.455245038
12,51,840,24.18797512,172,4.952775858
12,52,1207,28.49386213,170,4.013220019
12,53,1148,23.66961506,244,5.030824107
12,54,773,27.59827198,50,1.785140491
12,55,1835,17.63524358,604,5.804734126
12,56,1046,23.73012092,211,4.786859956
12,57,1323,21.31430136,346,5.574261733
12,58,1114,20.71825773,281,5.226059625
12,59,686,22.51394815,207,6.793567443
12,60,269,20.49055454,74,5.636806825
12,61,809,20.19571621,251,6.265914424
12,62,897,42.10081667,46,2.15901624
12,63,207,20.76853617,48,4.815892445
12,64,254,22.09656372,90,7.829491083
12,65,179,25.22547914,26,3.664036077
12,66,2960,36.35515052,430,5.281322541
12,67,566,25.94069389,140,6.416426051
12,68,500,19.44617299,151,5.872744244
12,69,417,34.06862745,51,4.166666667
12,70,158,22.31953666,49,6.921881622
12,71,651,23.17633237,118,4.200932749
12,72,305,29.00342335,50,4.754659566
12,73,445,23.65385638,77,4.092914474
12,74,550,24.35028999,130,5.755523089
12,75,1190,25.78101304,278,6.022791282
12,76,1217,37.11271042,119,3.628933886
12,77,302,23.38909542,175,13.55328377
12,78,1314,69.97550325,23,1.224837576
12,79,488,31.12641919,92,5.86809542
12,80,186,25.95590287,53,7.396036841
12,81,274,26.04067668,55,5.227143129
13,1,461,22.96159785,62,3.088110774
13,2,1259,31.02284208,152,3.74541064
13,3,925,17.03530452,344,6.335291626
13,4,184,20.45808317,36,4.002668446
13,5,226,13.25124597,82,4.807974201
13,6,260,13.77191589,107,5.667673076
13,7,130,11.51053657,60,5.312555339
13,8,780,18.32577591,236,5.544721942
13,9,241,13.87130195,51,2.935420744
13,10,373,13.86410943,80,2.973535534
13,11,322,16.55356776,96,4.93522517
13,12,447,16.59242762,119,4.41722346
13,13,569,18.30877148,110,3.539481305
13,14,180,10.61195614,109,6.426128994
13,15,304,16.4975308,74,4.015846312
13,16,1062,19.48623853,186,3.412844037
13,17,196,15.97261837,62,5.052562953
13,18,409,18.25729846,98,4.37460941
13,19,293,16.80431292,63,3.61321404
13,20,21,7.5,19,6.785714286
13,21,215,16.09642884,34,2.54548177
13,22,203,14.67823572,44,3.181489516
13,23,384,11.3270995,123,3.628211557
13,24,325,18.91514376,73,4.24863229
13,25,237,10.47699041,128,5.658458954
13,26,215,16.82447766,42,3.286642147
13,27,364,15.44794805,93,3.946865849
13,28,2516,20.47109556,762,6.1999105
13,29,654,14.77865907,235,5.310374438
13,30,1529,17.70434098,665,7.700056737
13,31,174,13.58950328,96,7.497656982
13,32,167,15.27485594,55,5.030641178
13,33,27,8.455997495,25,7.82962731
13,34,143,14.52809103,55,5.587727319
13,35,243,21.26170269,82,7.174730948
13,36,113,12.06749252,45,4.805638616
13,37,294,13.59663321,136,6.289599038
13,38,139,17.41854637,28,3.50877193
13,39,170,12.26197346,40,2.885170225
13,40,135,12.91618829,51,4.879448909
13,41,633,14.77798011,224,5.229490592
13,42,161,14.36345794,46,4.103845124
13,43,93,14.06108255,32,4.838221953
13,44,216,13.78782076,85,5.425762798
13,45,128,14.28093272,32,3.570233181
13,46,637,16.25788009,160,4.083611955
13,47,55,10.89324619,33,6.535947712
13,48,3933,14.68293375,4342,16.20983939
13,49,359,19.67770226,58,3.179127384
13,50,377,16.96898771,100,4.501057749
13,51,2140,16.79696085,253,1.985808923
13,52,451,14.06869015,113,3.524971145
13,53,257,14.16992887,102,5.623862822
13,54,422,12.87645318,112,3.417447289
13,55,267,16.6729112,69,4.308729861
13,56,592,17.67427974,417,12.44961935
13,57,306,20.60467309,38,2.558750253
13,58,226,13.40053365,73,4.328490958
13,59,534,15.22799213,144,4.106424844
13,60,323,18.77252121,89,5.172614204
13,61,638,12.34902447,345,6.677764014
13,62,623,21.39055794,92,3.158798283
13,63,1349,16.73448122,336,4.168113928
13,64,136,13.68209256,54,5.432595573
13,65,170,15.2987761,35,3.14974802
13,66,193,16.56083748,33,2.831645787
13,67,777,16.1790734,176,3.664757939
13,68,294,20.94464629,51,3.633254969
13,69,1958,20.09008732,318,3.262843599
13,70,280,16.32367516,75,4.372412989
13,71,120,12.30390649,45,4.613964934
13,72,112,10.92896175,32,3.1225605
13,73,698,19.18531142,164,4.5077236
13,74,431,16.10733239,90,3.363480081
13,75,229,17.31176293,30,2.267916541
13,76,1484,14.28035297,977,9.401553133
13,77,2886,19.0389487,835,5.508496939
13,78,303,15.89133057,54,2.83211832
13,79,91,12.43169399,40,5.464480874
13,80,439,18.5961791,78,3.304104715
13,81,763,23.52252058,208,6.412430249
13,82,292,16.18984254,88,4.879130628
13,83,616,15.73716884,141,3.602176634
13,84,678,17.60307405,179,4.647419254
14,1,487,22.96519853,110,5.187211167
14,2,414,17.8133471,127,5.464480874
14,3,379,17.45417703,131,6.032974118
14,4,115,20.73940487,51,9.197475203
14,5,357,24.37192791,76,5.188421628
14,6,1024,17.85838856,457,7.970003488
14,7,154,17.31115108,64,7.194244604
14,8,1596,21.91946382,373,5.122781959
14,9,431,24.56540325,105,5.984611
14,10,167,25.09391435,36,5.409466566
14,11,111,20.55555556,46,8.518518519
14,12,47,11.42162819,48,11.66464156
14,13,1316,22.80090788,337,5.838834312
14,14,122,14.74142098,70,8.458192363
14,15,1049,18.22477805,392,6.810403238
14,16,828,21.62388029,237,6.189443995
14,17,231,18.24068225,83,6.554011371
14,18,1304,20.28971977,517,8.044313744
14,19,237,34.75073314,24,3.519061584
14,20,198,19.74274604,38,3.789011866
14,21,355,16.53084983,133,6.193247963
14,22,779,19.96412096,144,3.690415172
14,23,1823,18.13316888,638,6.346111763
14,24,502,19.17933827,237,9.054787193
14,25,376,20.78381516,113,6.246199768
14,26,101,17.02342828,47,7.921793359
14,27,317,18.3004272,84,4.849324558
14,28,42,19.34592354,20,9.212344542
14,29,337,18.93790391,102,5.731947176
14,30,1036,21.21255554,414,8.47683204
14,31,69,18.29753381,14,3.712543092
14,32,145,24.93980048,43,7.395940832
14,33,402,19.02328223,136,6.43573727
14,34,56,26.89721422,20,9.606147935
14,35,1063,20.68254339,266,5.175500039
14,36,364,19.53628167,111,5.957492486
14,37,452,18.95575592,179,7.506814846
14,38,81,18.7369882,27,6.245662734
14,39,23026,15.40005979,18161,12.14629054
14,40,177,17.21120187,34,3.306106573
14,41,83,13.64234057,45,7.396449704
14,42,204,23.23197813,62,7.060699237
14,43,359,15.32354448,108,4.609868533
14,44,976,23.77009255,128,3.117389187
14,45,394,20.73138648,109,5.735332807
14,46,800,25.04069112,163,5.102040816
14,47,520,22.72627945,137,5.987500546
14,48,352,18.89020071,118,6.332510465
14,49,116,12.15295966,25,2.619172342
14,50,977,23.17142586,248,5.881794896
14,51,364,27.53820548,64,4.841882282
14,52,101,18.31368994,53,9.610154125
14,53,3253,21.14850764,836,5.435029938
14,54,95,17.27586834,52,9.456264775
14,55,478,22.41921111,203,9.521129403
14,56,16,6.356773937,7,2.781088598
14,57,80,21.30492676,25,6.657789614
14,58,220,15.44401544,109,7.651807652
14,59,259,19.58412098,69,5.217391304
14,60,129,21.37885317,41,6.794829301
14,61,818,45.23335545,73,4.03671754
14,62,52,14.54952434,33,9.233351987
14,63,1768,19.01750083,576,6.195746878
14,64,662,21.99554773,109,3.621623418
14,65,188,15.51283109,63,5.198448717
14,66,1333,27.53677078,295,6.094034044
14,67,4695,18.36272543,1473,5.761085102
14,68,216,18.58384238,102,8.775703347
14,69,149,17.14417213,58,6.67357036
14,70,3624,26.21793295,507,3.667906183
14,71,85,26.76322418,13,4.093198992
14,72,181,27.23032947,35,5.265533323
14,73,1565,23.99607476,340,5.213204741
14,74,354,22.90669082,88,5.694318623
14,75,71,18.87293993,24,6.379585327
14,76,66,19.38325991,21,6.167400881
14,77,493,18.74097164,244,9.275450468
14,78,618,19.82930116,192,6.160559584
14,79,289,20.62665049,101,7.208621797
14,80,95,16.50738488,36,6.255430061
14,81,51,13.68760064,27,7.246376812
14,82,659,18.9210141,207,5.943323093
14,83,1498,21.70039547,429,6.214599238
14,84,260,18.04302568,90,6.245662734
14,85,789,20.7708103,282,7.423787711
14,86,520,28.73563218,97,5.360300619
14,87,285,16.91695851,111,6.588710156
14,88,313,18.88614011,129,7.783744645
14,89,93,26.48818001,23,6.550840216
14,90,127,18.01162956,60,8.509431286
14,91,752,18.7507792,239,5.959356689
14,92,148,13.65691612,105,9.689028329
14,93,3186,23.40530256,763,5.605224686
14,94,869,21.35292528,229,5.626950389
14,95,148,16.28521127,82,9.022887324
14,96,468,22.43850985,152,7.287721149
14,97,9937,23.85112787,394,0.9456923
14,98,12093,19.88607399,10393,17.09054552
14,99,194,20.22729642,50,5.213220728
14,100,653,18.63052782,121,3.452211127
14,101,8020,16.75409295,890,1.859244729
14,102,63,10.62394604,73,12.31028668
14,103,119,16.40022051,33,4.547960309
14,104,74,16.6854566,36,8.117249154
14,105,434,19.84362855,136,6.218279914
14,106,103,24.32687766,26,6.140765234
14,107,155,24.54084864,45,7.124762508
14,108,606,17.7286291,209,6.114329179
14,109,360,20.77922078,110,6.349206349
14,110,248,18.05343234,127,9.245104462
14,111,177,26.39821029,36,5.369127517
14,112,119,20.52431873,43,7.416350466
14,113,309,20.182887,126,8.229915088
14,114,324,19.09364135,132,7.778890919
14,115,123,21.8162469,42,7.44945016
14,116,394,21.05713217,72,3.848003848
14,117,100,24.08477842,31,7.46628131
14,118,440,19.7451086,208,9.334051337
14,119,575,20.60858034,208,7.454929931
14,120,21112,16.97439048,2649,2.129838972
14,121,573,19.62866539,230,7.878870924
14,122,141,21.09199701,34,5.086013463
14,123,330,18.76599374,94,5.345464885
14,124,1458,22.91155949,323,5.07574329
14,125,540,30.63655963,84,4.765687053
15,1,1364,22.39075479,310,5.088807906
15,2,1626,11.90702852,367,2.687502746
15,3,917,20.45824688,193,4.305825134
15,4,343,23.08831449,65,4.375336564
15,5,3325,22.51901418,439,2.973187135
15,6,228,20.94433217,48,4.409333088
15,7,593,25.93143257,119,5.203778205
15,8,474,17.99954432,150,5.696058328
15,9,923,19.06197724,401,8.281530741
15,10,528,19.18534937,81,2.943207006
15,11,1010,17.9577903,160,2.844798464
15,12,257,24.95387902,42,4.078065832
15,13,6917,14.11814172,1779,3.631079098
15,14,2177,23.22926225,628,6.700953926
15,15,600,21.68962152,134,4.844015472
15,16,439,17.17594585,252,9.859540671
15,17,159,17.93772563,19,2.143501805
15,18,911,19.36937895,154,3.27429677
15,19,675,19.79414093,135,3.958828187
15,20,3184,11.4506013,1715,6.167644859
15,21,975,26.95306021,171,4.727152098
15,22,208,17.13062099,60,4.941525284
15,23,1055,27.03048937,116,2.972072765
15,24,1519,10.84542943,735,5.247788432
15,25,5861,18.89852642,1871,6.032953923
15,26,559,20.28964466,84,3.048891147
15,27,187,19.32616784,25,2.583712278
15,28,513,19.58688099,90,3.43629491
15,29,2593,14.81265674,314,1.793742467
15,30,504,22.08685744,101,4.426136115
15,31,12256,19.94619605,1814,2.952219291
15,32,937,28.00777163,118,3.52712599
15,33,22636,13.66819898,8293,5.007526688
15,34,206,21.98740527,34,3.62898922
15,35,2331,23.30463993,253,2.529418234
15,36,729,18.2871764,226,5.669275537
15,37,4133,17.06673494,612,2.527181656
15,38,213,20.66356228,41,3.977493209
15,39,7204,15.41420872,1485,3.177415317
15,40,755,22.50976417,269,8.020035181
15,41,160,24.13637049,25,3.77130789
15,42,2723,19.24626454,584,4.127733563
15,43,544,20.24939512,112,4.168993114
15,44,406,15.42084473,45,1.709206928
15,45,1560,18.62575369,402,4.79971345
15,46,376,20.92376183,43,2.392877017
15,47,1558,22.56957019,309,4.476249801
15,48,1101,17.98902033,228,3.725246716
15,49,300,23.36448598,62,4.828660436
15,50,488,20.76860876,112,4.766565945
15,51,2525,18.73159296,434,3.219608454
15,52,577,22.51795192,129,5.034342804
15,53,955,19.00875796,170,3.383757962
15,54,3167,14.78787086,2530,11.81348699
15,55,235,20.06489071,40,3.415300546
15,56,701,24.66052206,142,4.995426722
15,57,11374,13.64150452,4042,4.847807393
15,58,14881,13.39948585,4556,4.102416338
15,59,652,20.57366445,86,2.713704206
15,60,5524,15.06811201,917,2.501350238
15,61,169,18.99943789,24,2.698145025
15,62,1129,18.26713049,217,3.511042796
15,63,675,21.22441279,130,4.087664686
15,64,683,19.82813679,136,3.948208791
15,65,725,21.17901379,105,3.067305445
15,66,99,20.35361842,17,3.495065789
15,67,1604,20.5256827,232,2.968801986
15,68,555,20.39916198,100,3.675524681
15,69,70,16.87967205,14,3.37593441
15,70,4860,19.14554157,1653,6.511847781
15,71,280,21.53514844,53,4.076295954
15,72,204,16.0025102,38,2.980859743
15,73,432,19.50162514,45,2.031419285
15,74,3439,28.32877525,500,4.118751853
15,75,449,18.06768339,74,2.977747374
15,76,1738,23.94632056,226,3.113848358
15,77,126,20.08928571,21,3.348214286
15,78,231,25.35396773,26,2.853693338
15,79,221,18.73198847,43,3.64468554
15,80,557,21.58161882,138,5.346971987
15,81,5672,15.55767063,1744,4.783599714
15,82,1726,24.2835235,480,6.753239445
15,83,242,21.5955738,48,4.283419597
15,84,667,18.53447078,102,2.834356851
15,85,1451,23.14379137,315,5.024324109
15,86,743,22.60419836,132,4.015819897
15,87,2074,23.04188424,294,3.266303744
15,88,1933,21.25437073,610,6.707276846
15,89,195,18.43448667,30,2.836074872
15,90,1716,22.00987623,302,3.873532996
15,91,1676,26.55470173,203,3.216351105
15,92,990,18.67572156,136,2.565553669
15,93,555,19.86115087,84,3.006012024
15,94,332,18.11534894,102,5.565559011
15,95,1203,13.58416423,225,2.540679095
15,96,545,16.07337718,117,3.450614917
15,97,412,23.69177688,90,5.175388154
15,98,106,20.7395813,23,4.500097828
15,99,3919,16.66588703,2571,10.93340024
15,100,764,21.70516208,85,2.414841331
15,101,1535,21.71698594,276,3.904813107
15,102,293,19.0370996,66,4.288220389
15,103,743,16.10665511,195,4.227184045
15,104,7896,11.88753811,4676,7.039783206
15,105,683,20.69885141,197,5.970239719
15,106,13903,16.96395997,15561,18.98699426
15,107,231,19.09248698,60,4.959087528
15,108,2054,15.61181755,300,2.280207043
15,109,6540,13.42921326,2201,4.519525748
15,110,1352,21.94840825,374,6.071527135
15,111,1165,24.41887275,144,3.018298434
15,112,1082,24.10819723,144,3.208484659
15,113,1549,25.82053975,197,3.283825907
15,114,2541,26.92621518,309,3.274380358
15,115,1064,22.9651853,210,4.532602361
15,116,113,27.89434707,11,2.715378919
15,117,331,21.89008663,76,5.026122611
15,118,3242,19.32534171,464,2.765872472
15,119,450,27.49770852,73,4.460739383
15,120,3537,22.15512976,767,4.804349596
15,121,6208,12.13270142,2094,4.092441491
15,122,6684,18.68892337,1156,3.232255449
15,123,695,25.01709802,125,4.499478061
15,124,2807,30.72965132,364,3.984892441
15,125,219,21.43696163,23,2.251370399
16,1,197,17.93028124,65,5.916082643
16,2,391,24.11496238,53,3.268780067
16,3,437,20.89609334,120,5.738057667
16,4,256,17.43394171,123,8.376464179
16,5,229,21.2667162,56,5.200594354
16,6,2719,21.98966429,840,6.793423319
16,7,62,19.26662523,24,7.458048477
16,8,675,28.67946975,70,2.974167233
16,9,947,27.1751607,217,6.227043159
16,10,395,18.12758146,95,4.359798073
16,11,116,10.88895147,29,2.722237867
16,12,952,22.54108065,221,5.232750864
16,13,210,22.79635258,52,5.644811116
16,14,432,30.56027165,73,5.164119977
16,15,463,26.28441669,96,5.449900653
16,16,362,17.66543041,189,9.223111458
16,17,719,21.81829216,150,4.551799478
16,18,186,20.77747989,66,7.372654155
16,19,365,18.58073712,126,6.414172266
16,20,578,20.47684841,186,6.589435647
16,21,300,24.66496752,51,4.193044479
16,22,410,18.87400451,145,6.674952815
16,23,195,19.54887218,60,6.015037594
16,24,487,26.84526763,97,5.347004024
16,25,897,24.71550988,207,5.703579203
16,26,136,25.80155568,18,3.414911781
16,27,89,17.22802942,52,10.06581494
16,28,78,14.01869159,62,11.14306254
16,29,323,22.48364193,77,5.359877489
16,30,152,11.82419292,118,9.179307662
16,31,251,15.4766309,78,4.809470958
16,32,338,23.22226039,98,6.733081415
16,33,460,21.60232929,93,4.367427444
16,34,2687,22.84475429,602,5.118177181
16,35,766,23.3843148,172,5.250786092
16,36,163,14.06142167,91,7.850241546
16,37,107,13.4034824,72,9.019165727
16,38,851,20.29234328,241,5.746715311
16,39,176,22.20820189,32,4.03785489
16,40,350,21.30638583,83,5.052657211
16,41,343,23.22903969,74,5.011512935
16,42,246,18.10954064,110,8.097762073
16,43,1463,22.85544672,309,4.827295309
16,44,225,16.94915254,105,7.90960452
16,45,660,19.29880991,226,6.608380362
16,46,234,17.20082329,80,5.880623346
16,47,352,17.61232863,111,5.553887721
16,48,121,21.97602615,45,8.172902288
16,49,469,26.91226258,100,5.738222299
16,50,2020,25.16883052,408,5.083605373
16,51,248,19.03154017,71,5.448545775
16,52,3482,19.47242153,676,3.780401192
16,53,12760,17.49673307,8199,11.24261085
16,54,118,14.5841058,71,8.775182301
16,55,1206,26.82205369,268,5.960456375
16,56,784,28.85110768,156,5.740781629
16,57,212,27.18297218,54,6.923964611
16,58,471,25.00796432,88,4.672400977
16,59,156,18.93203883,38,4.611650485
16,60,225,23.43994166,63,6.563183665
16,61,663,29.29998232,93,4.109952272
16,62,370,19.02313625,117,6.015424165
16,63,319,19.85806773,127,7.905876494
16,64,647,25.52973208,102,4.024780018
16,65,899,25.8921114,188,5.414590594
16,66,1916,21.82381484,465,5.29648951
16,67,270,15.7351827,138,8.042426715
16,68,725,28.66065781,150,5.929791271
16,69,1838,18.45826304,762,7.652446373
16,70,267,17.44413955,110,7.18672416
16,71,1112,16.39223433,403,5.940710822
16,72,315,23.24723247,80,5.904059041
16,73,630,24.61706783,160,6.251953736
16,74,167,16.73346693,71,7.114228457
16,75,1888,29.43515068,345,5.378774887
16,76,1293,17.75099189,401,5.505141335
16,77,367,19.87974649,79,4.279291479
16,78,200,15.85037248,95,7.52892693
16,79,1154,25.5213747,237,5.241391512
16,80,498,27.02556032,99,5.372551148
16,81,135,15.51011029,41,4.710477941
16,82,1896,27.10313773,436,6.232578086
16,83,837,28.45583736,133,4.521656354
16,84,692,24.87240313,114,4.097476817
16,85,739,22.61529516,245,7.497628301
16,86,292,19.24090669,87,5.732735899
16,87,321,23.67605842,82,6.048089689
16,88,1491,18.96391641,227,2.887195859
16,89,497,21.62091617,154,6.699438813
16,90,353,25.3046595,55,3.94265233
16,91,256,18.94752424,103,7.623417956
16,92,242,16.9539022,82,5.744710663
16,93,490,17.76198934,183,6.633559285
16,94,113,16.40058055,74,10.74020319
16,95,231,20.07997218,102,8.866481224
16,96,119,15.08238276,26,3.29531052
16,97,756,23.71615899,192,6.023151489
16,98,697,26.7809114,125,4.802889418
16,99,237,14.53541858,88,5.397117449
16,100,319,23.53201534,89,6.565358513
16,101,200,21.81976871,65,7.091424831
16,102,7073,22.42904709,1548,4.908831457
16,103,411,17.52142218,145,6.181523639
16,104,279,16.42045789,142,8.357365664
16,105,303,15.9515662,101,5.317188734
16,106,615,20.50341724,173,5.767627938
16,107,1417,19.29072221,502,6.834116126
16,108,3632,19.5161793,1123,6.034325262
16,109,44,13.55097013,31,9.547274407
16,110,897,19.22170317,274,5.87151245
16,111,527,34.62094337,81,5.321245566
16,112,3509,22.56098345,844,5.426466239
16,113,419,16.38254614,173,6.764153894
17,1,302,17.74278832,68,3.99506492
17,2,371,19.63482403,89,4.710240804
17,3,731,21.69461344,235,6.974328535
17,4,1545,19.59019096,331,4.196992367
17,5,180,19.00538486,52,5.490444515
17,6,2909,16.60321791,2063,11.77464371
17,7,5566,15.24229943,5194,14.22359024
17,8,1359,16.27837336,932,11.1636821
17,9,349,20.12687428,57,3.287197232
17,10,266,17.00115045,62,3.962674166
17,11,3014,15.30314339,356,1.807537839
17,12,819,14.85983852,808,14.66025583
17,13,246,16.84470008,86,5.88879759
17,14,160,16.92047377,28,2.96108291
17,15,262,10.48419368,106,4.241696679
17,16,283,16.787282,116,6.881006051
17,17,770,12.50304457,236,3.832101973
17,18,1786,16.51776631,515,4.76296173
17,19,418,16.49175412,141,5.56300797
17,20,573,13.76444306,180,4.323908814
17,21,114,15.32052144,131,17.6051606
17,22,419,21.8936148,94,4.911694012
17,23,148,22.30259192,28,4.219409283
17,24,825,16.87772345,216,4.418894867
17,25,472,14.96797108,117,3.710280967
17,26,328,19.82711721,71,4.291845494
17,27,207,19.18620817,40,3.707479841
17,28,1131,17.84418289,200,3.155470007
17,29,1636,16.72339947,356,3.639077146
17,30,1024,21.87613493,165,3.524963148
17,31,560,15.97125175,447,12.74848131
17,32,147,16.17695609,42,4.621987455
17,33,130,8.87917492,69,4.712792842
17,34,0,0,0,0
17,35,0,0,0,0
17,36,0,0,0,0
18,1,508,13.89040796,248,6.781144045
18,2,179,11.7538906,126,8.273688358
18,3,143,12.78155166,79,7.061136932
18,4,1169,16.60534951,465,6.60520746
18,5,287,25.1754386,65,5.701754386
18,6,487,17.8564881,178,6.526601401
18,7,353,19.94575658,124,7.006441406
18,8,901,18.34955806,16,0.325852307
18,9,1319,38.4548105,196,5.714285714
18,10,502,14.59599337,233,6.774634373
18,11,402,17.12897865,166,7.073160339
18,12,569,13.19573284,179,4.151205937
18,13,84,11.18508655,55,7.323568575
18,14,362,16.1520614,130,5.800464037
18,15,1358,14.59054086,660,7.091131788
18,16,507,12.75279203,311,7.822718583
18,17,5327,14.00924131,2956,7.773853449
18,18,446,14.85181485,207,6.893106893
18,19,101,7.426470588,37,2.720588235
18,20,2676,21.54502637,347,2.793768367
19,1,77,27.58867789,9,3.224650663
19,2,32,9.294220157,21,6.099331978
19,3,17,12.37263464,8,5.822416303
19,4,597,18.31681649,134,4.111312245
19,5,235,12.71645022,77,4.166666667
19,6,9694,18.52226914,97,0.185337333
19,7,202,13.0575307,61,3.943115708
19,8,51,13.51709515,8,2.120328651
19,9,1608,18.60142287,424,4.904852797
19,10,1215,75.5033557,34,2.112851106
19,11,102,12.98535964,67,8.529598982
19,12,1386,56.51145723,47,1.916333687
19,13,137,12.61045655,64,5.8910162
19,14,631,17.80222881,167,4.711524898
19,15,16,9.324009324,10,5.827505828
19,16,50,14.94768311,10,2.989536622
19,17,551,13.77810007,154,3.850866445
19,18,5906,41.1086672,213,1.482584848
19,19,1507,12.28609397,1,0.008152683
19,20,76,13.75067849,26,4.704179483
19,21,7777,21.7272872,22,0.06146333
19,22,172,11.91383251,61,4.225254554
19,23,18,14.09553641,7,5.481597494
19,24,114,19.18545944,32,5.385392124
19,25,1546,28.00065202,30,0.543350298
19,26,11655,17.19011336,552,0.814152087
19,27,22,10.83743842,19,9.359605911
19,28,29,18.19322459,4,2.509410289
19,29,77,11.13682384,22,3.181949667
19,30,48,13.49072513,6,1.686340641
19,31,7139,27.78145309,3,0.011674515
19,32,81,15.14301739,19,3.552065807
19,33,1249,15.87664773,433,5.504074032
19,34,106,19.3148688,15,2.733236152
19,35,15,17.40139211,2,2.320185615
19,36,180,25.36997886,37,5.214940099
19,37,110,20.19460253,9,1.652285662
19,38,1018,17.22125421,395,6.682117301
19,39,18702,16.4695522,26739,23.54717978
19,40,7,6.769825919,6,5.80270793
19,41,2541,121.9114331,49,2.350909178
19,42,49,9.143496921,31,5.784661317
19,43,25,9.512937595,15,5.707762557
19,44,481,13.87326584,167,4.816705604
19,45,1677,51.34721372,21,0.642988365
19,46,5304,11.96553817,375,0.845979791
19,47,276,16.6225006,34,2.04769935
19,48,4612,17.14785001,3,0.011154282
19,49,656,16.20993847,300,7.413081618
19,50,20,10.14713343,7,3.551496702
19,51,43,10.45465597,18,4.376367615
20,1,12,11.0701107,5,4.612546125
20,2,653,14.54829007,229,5.101927147
20,3,43,17.23446894,15,6.012024048
20,4,18,17.78656126,6,5.928853755
20,5,175,11.86360247,97,6.575825368
20,6,442,24.80359147,136,7.631874299
20,7,25,9.571209801,19,7.274119449
20,8,12,14.25178147,9,10.6888361
20,9,125,18.60119048,25,3.720238095
20,10,189,13.88888889,73,5.364491476
20,11,33,27.04918033,6,4.918032787
20,12,331,33.56997972,47,4.76673428
20,13,21,7.540394973,28,10.05385996
20,14,353,13.34593573,215,8.128544423
20,15,86,18.25127334,34,7.215619694
20,16,242,28.36713164,46,5.392099402
20,17,39,11.81102362,18,5.451241672
20,18,10,11.99040767,7,8.393285372
20,19,27,8.791924455,,0
20,20,99,25.64766839,7,1.813471503
20,21,214,14.59057749,109,7.431649281
20,22,6,6.928406467,9,10.3926097
20,23,329,17.85326677,56,3.038853918
20,24,39,10.14040562,30,7.800312012
20,25,156,14.04772625,55,4.952723998
20,26,153,18.04032543,62,7.310458672
20,27,26,10.57770545,51,20.74857608
20,28,414,21.03765435,136,6.91092027
20,29,78,18.29697396,20,4.691531785
20,30,129,15.5234657,51,6.137184116
20,31,106,14.39826134,29,3.939146971
20,32,21,20.32913843,2,1.936108422
20,33,24,9.864364982,10,4.110152076
20,34,24,16.84210526,8,5.614035088
20,35,5,9.191176471,2,3.676470588
20,36,87,16.46168401,20,3.784295175
20,37,68,15.44752385,13,2.95320309
20,38,31,14.6780303,13,6.15530303
20,39,1626,23.28212031,704,10.08032761
20,40,228,38.03169308,38,6.338615513
20,41,711,23.69684042,322,10.73190241
20,42,138,17.98279906,91,11.85822257
20,43,1866,20.05632107,602,6.47047443
20,44,628,15.1197785,254,6.115324425
20,45,64,8.508375432,19,2.525923956
20,46,34,10.26260187,31,9.357078177
20,47,,0,1,10.75268817
20,48,38,29.14110429,7,5.36809816
20,49,20,17.52848379,4,3.505696757
20,50,60,15.88141874,21,5.558496559
20,51,72,16.48351648,22,5.036630037
20,52,92,14.88191524,58,9.382076998
20,53,10,8.19000819,9,7.371007371
20,54,3,7.334963325,6,14.66992665
20,55,78,22.09631728,24,6.798866856
20,56,27,18.60785665,6,4.135079256
20,57,707,18.59596518,321,8.443146848
20,58,251,18.68254559,50,3.721622627
20,59,908,21.93925629,392,9.471573199
20,60,45,16.24548736,1,0.36101083
20,61,41,15.96573209,9,3.504672897
20,62,3,5.119453925,5,8.532423208
20,63,53,13.65275631,14,3.60638846
20,64,97,13.12584574,41,5.548037889
20,65,16,13.53637902,11,9.306260575
20,66,48,8.966934429,52,9.714178965
20,67,4882,18.53757447,3291,12.49634527
20,68,407,19.07127126,105,4.920106837
20,69,61,24.93867539,13,5.314799673
20,70,121,18.25313019,55,8.296877357
20,71,47,15.35947712,13,4.248366013
20,72,131,19.91184071,49,7.447940416
20,73,617,19.34351193,198,6.207480327
20,74,3,5.940594059,1,1.98019802
20,75,25,9.359790341,22,8.2366155
20,76,50,15.01050736,18,5.403782648
20,77,76,21.30044843,31,8.688340807
20,78,10,9.157509158,6,5.494505495
20,79,1225,14.87173884,709,8.607398235
20,80,24,18.29268293,10,7.62195122
20,81,28,14.62904911,20,10.44932079
20,82,63,15.94129555,20,5.060728745
20,83,200,24.7249351,11,1.35987143
20,84,36,9.247367069,15,3.853069612
20,85,744,32.97141591,91,4.03279415
20,86,12,13.72997712,9,10.29748284
20,87,92,22.57668712,6,1.472392638
20,88,51,17.88846019,11,3.858295335
20,89,27,12.5464684,22,10.22304833
20,90,92,15.68092722,24,4.090676666
20,91,79,16.19184259,7,1.43472023
20,92,32,22.23766505,9,6.254343294
20,93,16,31.68316832,5,9.900990099
20,94,27,14.22550053,6,3.161222339
20,95,88,22.05513784,23,5.764411028
20,96,10,12.95336788,6,7.772020725
20,97,28,16.09195402,10,5.747126437
20,98,66,14.90851593,46,10.39078383
20,99,10,21.05263158,1,2.105263158
20,100,5,10.06036217,,0
20,101,9,12.39669421,7,9.641873278
20,102,40,9.080590238,14,3.178206583
20,103,106,18.75774199,37,6.547513714
20,104,36,14.35406699,17,6.77830941
20,105,144,21.65413534,28,4.210526316
20,106,2,6.734006734,3,10.1010101
20,107,478,22.27815063,34,1.58463833
20,108,42,9.792492422,14,3.264164141
20,109,28,22.70884023,10,8.110300081
20,110,34,21.21023082,8,4.990642545
20,111,91,20.71005917,26,5.917159763
20,112,21,8.610086101,19,7.790077901
20,113,51,18.00847458,4,1.412429379
20,114,8,11.816839,6,8.862629247
20,115,133,15.3155228,1185,136.4578535
20,116,86,21.22408687,24,5.923000987
20,117,38,15.6895128,13,5.367464905
20,118,18,7.287449393,18,7.287449393
20,119,5,12.53132832,6,15.03759398
20,120,2,5.434782609,3,8.152173913
20,121,3,4.580152672,5,7.633587786
20,122,9,13.29394387,2,2.954209749
20,123,52,19.22365989,23,8.502772643
20,124,398,23.28302328,90,5.265005265
20,125,224,18.96216033,41,3.470752561
20,126,79,15.72452229,24,4.777070064
20,127,21,16.36788776,7,5.455962588
20,128,13,10.56910569,14,11.38211382
20,129,9,26.94610778,4,11.9760479
20,130,86,16.86936053,,0
20,131,177,16.85714286,31,2.952380952
20,132,18,14.45783133,5,4.016064257
20,133,75,18.87267237,21,5.284348264
20,134,650,24.21939042,174,6.483344512
20,135,95,13.21831084,36,5.009044107
20,136,272,23.49892009,48,4.146868251
20,137,55,16.04902247,7,2.04260286
20,138,8,17.39130435,10,21.73913043
20,139,37,17.32209738,22,10.29962547
20,140,11,13.30108827,3,3.627569528
20,141,159,21.98561947,22,3.042035398
20,142,12,10.34482759,9,7.75862069
20,143,158,17.63589686,51,5.69259962
20,144,12,10.81081081,12,10.81081081
20,145,31,8.923431203,9,2.590673575
20,146,42,15.75393848,14,5.251312828
20,147,2,5.291005291,2,5.291005291
20,148,29,14.91002571,8,4.11311054
20,149,19,12.59111995,8,5.301524188
20,150,293,24.6363407,52,4.372319852
20,151,3,7.614213198,3,7.614213198
20,152,57,26.48698885,1,0.464684015
20,153,76,16.05746884,24,5.070779632
20,154,43,17.96907647,10,4.178854994
20,155,11,11.70212766,5,5.319148936
20,156,60,17.25129385,51,14.66359977
20,157,264,19.04761905,,0
20,158,42,18.82563873,23,10.30927835
20,159,82,15.04863278,10,1.835199119
20,160,30,20.70393375,13,8.971704624
20,161,26,10.16021884,15,5.861664713
20,162,31,16.77489177,7,3.787878788
20,163,25,15.56662516,40,24.90660025
20,164,65,20.21772939,27,8.398133748
20,165,22,14.55989411,4,2.647253475
20,166,170,15.42789727,50,4.537616844
20,167,36,17.19197708,7,3.342884432
20,168,19,19.44728762,7,7.164790174
20,169,87,23.61563518,22,5.971769815
20,170,46,11.95115614,27,7.014809041
20,171,435,23.54150882,116,6.277735686
20,172,2,4.651162791,3,6.976744186
20,173,15,9.887936717,13,8.569545155
20,174,62,16.49374834,,0
20,175,22,12.76102088,15,8.700696056
20,176,32,11.3960114,24,8.547008547
20,177,185,19.59538185,113,11.96907107
20,178,79,12.56561158,11,1.749642119
20,179,16,10.94391245,12,8.207934337
20,180,38,16.34408602,9,3.870967742
20,181,5,11.99040767,3,7.194244604
20,182,49,21.37870855,7,3.054101222
20,183,36,24.87906012,7,4.837595024
20,184,2419,15.52970481,1437,9.225376526
20,185,167,19.23963134,36,4.147465438
20,186,12,19.83471074,3,4.958677686
20,187,35,13.80670611,16,6.311637081
20,188,180,18.95934274,43,4.529176322
20,189,65,25.82439412,8,3.178386969
20,190,572,25.58597245,188,8.409375559
20,191,1,3.125,3,9.375
20,192,7,4.854368932,9,6.241331484
20,193,40,15.71091909,17,6.677140613
20,194,15,12.18521527,13,10.5605199
20,195,6,4.777070064,11,8.757961783
20,196,2,4.95049505,5,12.37623762
20,197,34,11.15851657,28,9.18936659
20,198,504,17.9091749,174,6.182929429
20,199,7,9.817671809,7,9.817671809
20,200,42,10.70336391,12,3.058103976
20,201,50,27.29257642,3,1.637554585
20,202,103,22.73228868,14,3.089825646
20,203,39,11.87214612,16,4.870624049
20,204,5,6.993006993,4,5.594405594
20,205,286,16.43867111,115,6.609955167
20,206,38,16.12218922,9,3.818413237
20,207,253,14.79532164,62,3.625730994
20,208,82,10.77387991,59,7.751937984
20,209,5,7.032348805,8,11.25175809
20,210,103,15.45154515,34,5.100510051
20,211,98,30.93434343,9,2.840909091
20,212,80,28.50017813,12,4.275026719
20,213,111,30.59536935,21,5.78831312
20,214,31,13.40250757,17,7.349762214
20,215,12,15.70680628,6,7.853403141
20,216,20,15.02629602,14,10.51840721
20,217,64,18.57225769,15,4.352872896
20,218,4,6.589785832,4,6.589785832
20,219,40,15.59454191,25,9.746588694
20,220,47,16.94915254,25,9.015506671
20,221,17,12.68656716,4,2.985074627
20,222,16,10.45751634,17,11.11111111
20,223,9,19.91150442,2,4.424778761
20,224,3,4.385964912,4,5.847953216
20,225,102,17.12846348,33,5.541561713
20,226,29,10.70901034,14,5.169867061
20,227,145,10.58085231,43,3.137769994
20,228,12,15.56420233,8,10.37613489
20,229,181,25.68104427,25,3.547105562
20,230,12,11.91658391,3,2.979145978
20,231,37,12.22736286,6,1.982815598
20,232,462,21.47438877,72,3.34665799
20,233,19,10.88825215,24,13.75358166
20,234,145,19.19512841,25,3.309504898
20,235,80,22.07505519,19,5.242825607
20,236,27,17.70491803,6,3.93442623
20,237,39,25.04816956,5,3.211303789
20,238,15,18.38235294,7,8.578431373
20,239,9,8.356545961,4,3.714020427
20,240,65,26.42276423,2,0.81300813
20,241,7,6.457564576,6,5.535055351
20,242,326,28.69465716,34,2.992694305
20,243,29,16.64753157,11,6.314580941
20,244,70,19.07876806,12,3.270645953
20,245,28,21.92638998,17,13.31245106
20,246,6,9.677419355,3,4.838709677
20,247,19,12.95160191,8,5.453306067
20,248,409,28.69772663,61,4.280101038
20,249,68,19.56834532,21,6.043165468
20,250,15,12.70110076,6,5.080440305
20,251,20,16.94915254,8,6.779661017
20,252,33,15.59546314,7,3.308128544
20,253,31,13.92632525,12,5.39083558
20,254,70,21.16082225,10,3.022974607
20,255,30,14.38159156,6,2.876318313
20,256,,0,3,12.82051282
20,257,24,21.99816682,8,7.332722273
20,258,8,10.75268817,10,13.44086022
20,259,57,23.12373225,11,4.462474645
20,260,28,11.25401929,17,6.832797428
20,261,157,21.67310878,29,4.003313087
20,262,10,9.587727709,3,2.876318313
20,263,55,15.79098478,8,2.296870514
20,264,31,13.63236588,10,4.397537379
20,265,122,18.46246973,24,3.631961259
20,266,146,17.21495107,26,3.065676217
20,267,,0,,0
20,268,14,15.28384279,4,4.366812227
20,269,82,19.86915435,38,9.207656894
20,270,11,7.862759114,10,7.147962831
20,271,57,17.56548536,10,3.081664099
20,272,137,22.23664989,23,3.733160201
20,273,70,20.01715756,14,4.003431513
20,274,11,8.487654321,10,7.716049383
20,275,138,18.92225422,47,6.444535856
20,276,12,14.98127341,22,27.46566792
20,277,278,22.19560878,49,3.912175649
20,278,744,20.34788316,240,6.563833279
20,279,49,16.83270354,19,6.526966678
20,280,29,12.11361738,33,13.78446115
20,281,1,3.246753247,4,12.98701299
20,282,8,10.07556675,5,6.297229219
20,283,8,7.677543186,8,7.677543186
20,284,97,30.69620253,21,6.64556962
20,285,77,22.74069699,9,2.658003544
20,286,37,11.49068323,26,8.074534161
20,287,2,5.780346821,5,14.45086705
20,288,7,11.45662848,6,9.819967267
20,289,13,11.3735783,6,5.249343832
20,290,11,10.86956522,6,5.928853755
20,291,66,15.8387329,25,5.999520038
20,292,32,23.05475504,5,3.602305476
20,293,89,5.728999034,17,1.094303186
20,294,128,20.29491042,31,4.915173617
20,295,129,14.29362881,81,8.975069252
20,296,9,9.687836383,7,7.534983854
20,297,27,12.55813953,17,7.906976744
20,298,201,16.99788584,87,7.357293869
20,299,18,16.24548736,7,6.317689531
20,300,101,15.61533704,25,3.865182437
20,301,15,9.715025907,15,9.715025907
20,302,102,24.6615087,31,7.49516441
20,303,19,16.2116041,12,10.23890785
20,304,9,10.57579318,5,5.875440658
20,305,40,10.14198783,18,4.563894523
20,306,65,16.65385601,20,5.124263387
20,307,189,19.69981238,76,7.921617678
20,308,39,13.73723142,12,4.226840437
20,309,280,26.99836081,81,7.810240093
20,310,229,33.56786866,11,1.612430372
20,311,7,15.28384279,5,10.91703057
20,312,248,21.46257032,55,4.759844223
20,313,5,5.995203837,5,5.995203837
20,314,24,14.1760189,4,2.362669817
20,315,29,16.94915254,11,6.428988895
20,316,8,10.62416999,2,2.656042497
20,317,26,18.50533808,9,6.40569395
20,318,1241,28.95473635,686,16.00559963
20,319,5,4.549590537,13,11.8289354
20,320,8,11.06500692,1,1.383125864
20,321,15,17.85714286,8,9.523809524
20,322,13,14.70588235,8,9.049773756
20,323,33,15.45667447,8,3.7470726
20,324,985,22.45782034,280,6.383948928
20,325,198,18.87331999,26,2.478314746
20,326,114,22.99778092,15,3.026023805
20,327,244,17.43853631,77,5.503144654
20,328,32,27.28047741,3,2.557544757
20,329,12,9.090909091,13,9.848484848
20,330,70,16.36661211,6,1.402852467
20,331,7,7.829977629,12,13.42281879
20,332,3,7.389162562,1,2.463054187
20,333,34,13.06185171,13,4.994237418
20,334,913,20.79110969,224,5.10099515
20,335,9,8.982035928,6,5.988023952
20,336,23,10.14556683,13,5.734450816
20,337,139,24.81256694,109,19.45733667
20,338,264,28.44827586,78,8.405172414
20,339,79,19.80446227,33,8.272750063
20,340,21,11.18210863,19,10.1171459
20,341,2,8.620689655,,0
20,342,47,22.60702261,,0
20,343,26,14.06165495,15,8.11249324
20,344,55,21.04860314,17,6.505931879
20,345,72,18.14516129,26,6.552419355
20,346,17,11.73222912,10,6.901311249
20,347,65,17.74017467,20,5.458515284
20,348,110,13.33980112,51,6.184816881
20,349,26,13.15789474,6,3.036437247
20,350,198,12.19136753,10,0.615725633
20,351,39,14.86847122,21,8.006099886
20,352,126,32.87242369,7,1.826245761
20,353,43,21.73913043,9,4.550050556
20,354,5,9.803921569,5,9.803921569
20,355,10,13.5501355,5,6.775067751
20,356,21,10.53687908,22,11.03863522
20,357,10,11.01321586,11,12.11453744
20,358,23,12.40560949,10,5.393743258
20,359,4,4.944375773,9,11.12484549
20,360,55,15.31180401,25,6.959910913
20,361,11,11.93058568,5,5.422993492
20,362,16,10.69518717,20,13.36898396
20,363,28,10.6342575,20,7.595898215
20,364,359,24.40516655,85,5.778382053
20,365,15,11.47666412,11,8.416220352
20,366,63,15.80531862,17,4.264927245
20,367,76,16.72903368,25,5.502971605
20,368,30,16.51982379,12,6.607929515
20,369,25,13.53546291,10,5.414185165
20,370,9,13.25478645,4,5.8910162
20,371,13,13.62683438,8,8.385744235
20,372,11,5.832449629,16,8.483563097
20,373,8,17.85714286,3,6.696428571
20,374,32,21.76870748,11,7.482993197
20,375,223,22.03557312,4,0.395256917
20,376,5,13.73626374,4,10.98901099
20,377,193,17.58542141,61,5.55808656
20,378,57,15.76763485,30,8.298755187
20,379,55,18.59364435,15,5.070993915
20,380,25,12.67748479,15,7.606490872
20,381,53,20.33768227,25,9.593246355
20,382,11,9.401709402,13,11.11111111
20,383,10,16.44736842,2,3.289473684
20,384,73,16.17190961,34,7.532122286
20,385,1319,16.94653939,136,1.747330824
20,386,357,19.94747723,61,3.408392468
20,387,26,9.097270819,20,6.99790063
20,388,46,18.14595661,16,6.311637081
20,389,12,13.02931596,13,14.11509229
20,390,874,18.45595067,7,0.147816539
20,391,66,19.66626937,10,2.979737783
20,392,110,16.4719976,20,2.994908655
20,393,64,17.75804661,22,6.104328524
20,394,39,14.03887689,15,5.399568035
20,395,10,5.268703899,7,3.688092729
20,396,64,19.6801968,31,9.532595326
20,397,770,20.02444543,266,6.917535693
20,398,59,13.39083069,24,5.447117567
20,399,745,27.12543237,25,0.910249408
20,400,21,12.86764706,20,12.25490196
20,401,369,16.35493307,74,3.279851077
20,402,21,19.39058172,3,2.770083102
20,403,,0,6,2.164502165
20,404,5,6.527415144,6,7.832898172
20,405,23,11.9047619,18,9.316770186
20,406,383,18.6066848,116,5.635445006
20,407,217,25.51140372,52,6.113331766
20,408,7,14.58333333,3,6.25
20,409,101,12.3698714,10,1.224739743
20,410,44,12.7130887,22,6.356544351
20,411,8,9.803921569,4,4.901960784
20,412,62,18.86792453,5,1.521606817
20,413,890,23.03968521,168,4.349064175
20,414,174,16.1200667,54,5.002779322
20,415,93,19.02618658,16,3.273322422
20,416,5,9.689922481,5,9.689922481
20,417,161,17.42424242,47,5.086580087
20,418,165,13.8795424,60,5.047106326
20,419,11,19.13043478,4,6.956521739
20,420,27,16.07142857,30,17.85714286
20,421,71,15.98379109,24,5.402971634
20,422,3,4.405286344,4,5.873715125
20,423,2,3.636363636,4,7.272727273
20,424,90,22.54509018,24,6.012024048
20,425,29,13.12811227,18,8.148483477
20,426,188,23.90336936,47,5.975842339
20,427,247,16.05251186,30,1.949697797
20,428,56,31.63841808,,0
20,429,17,11.15485564,13,8.530183727
20,430,2,7.90513834,1,3.95256917
20,431,34,19.16572717,6,3.382187148
20,432,8,8.26446281,8,8.26446281
20,433,53,20.4238921,15,5.780346821
20,434,117,25.15588046,16,3.440120404
20,435,67,19.11554922,11,3.138373752
20,436,14,12.57861635,7,6.289308176
20,437,173,17.90334265,48,4.967401428
20,438,34,19.38426454,33,18.81413911
20,439,539,22.1646517,95,3.906571264
20,440,8,8.928571429,4,4.464285714
20,441,230,29.55918262,36,4.626654672
20,442,7,19.7740113,4,11.29943503
20,443,5,11.16071429,6,13.39285714
20,444,8,17.35357918,,0
20,445,21,12.78928136,10,6.090133983
20,446,75,11.4486338,38,5.800641123
20,447,332,22.02175643,83,5.505439109
20,448,49,24.3902439,10,4.977600796
20,449,45,13.3968443,5,1.488538255
20,450,380,30.8616909,49,3.979533826
20,451,14,13.29534663,12,11.3960114
20,452,63,14.92890995,29,6.872037915
20,453,60,15.3256705,21,5.363984674
20,454,73,22.95597484,12,3.773584906
20,455,54,19.65065502,16,5.822416303
20,456,33,19.57295374,16,9.489916963
20,457,47,13.84388807,,0
20,458,17,15.24663677,9,8.071748879
20,459,64,14.28890377,51,11.38647019
20,460,79,14.59449473,21,3.879549233
20,461,7,11.40065147,16,26.05863192
20,462,59,13.56321839,2,0.459770115
20,463,5,7.54147813,3,4.524886878
20,464,6,12.5,5,10.41666667
20,465,33,21.04591837,14,8.928571429
20,466,325,27.27196442,42,3.524376941
20,467,355,19.31132024,122,6.636566393
20,468,299,22.03714623,44,3.242924528
20,469,892,27.0902299,202,6.134783005
20,470,53,11.29341573,17,3.622416365
20,471,1,2.016129032,3,6.048387097
20,472,39,12.19512195,16,5.003126954
20,473,19,13.62984218,8,5.738880918
20,474,62,19.01840491,20,6.134969325
20,475,163,16.88594219,131,13.5709106
20,476,6,14.66992665,3,7.334963325
20,477,14,9.79020979,7,4.895104895
20,478,11,5.750130685,23,12.02300052
20,479,1,4.566210046,3,13.69863014
20,480,10,10.34126163,8,8.273009307
20,481,24,12.20752798,16,8.138351984
20,482,1033,20.53310541,348,6.917251386
20,483,128,13.41437854,29,3.039195137
20,484,91,21.63061564,44,10.45875921
20,485,71,23.42461234,16,5.278785879
20,486,24,9.720534629,10,4.050222762
20,487,34,17.48071979,9,4.627249357
20,488,4,30.53435115,1,7.633587786
20,489,83,16.75752069,22,4.441752473
20,490,50,16.25487646,10,3.250975293
20,491,78,18.70503597,9,2.158273381
20,492,28,8.722741433,18,5.607476636
20,493,5,9.04159132,2,3.616636528
20,494,120,24.51982019,28,5.721291377
20,495,94,32.59361997,,0
20,496,28,12.89728236,6,2.763703363
20,497,60,14.55604076,21,5.094614265
20,498,153,22.95573893,,0
20,499,23,11.3805047,17,8.411677387
20,500,166,21.05797285,64,8.118736522
20,501,14,14.89361702,7,7.446808511
20,502,96,17.40707162,52,9.428830462
20,503,5,13.36898396,3,8.021390374
20,504,33,19.97578692,12,7.263922518
20,505,76,10.06089489,39,5.162827641
20,506,13,16.62404092,4,5.115089514
20,507,67,20.78163772,24,7.444168734
20,508,22,14.46416831,13,8.547008547
20,509,288,27.30634304,45,4.266616099
20,510,11,12.54275941,,0
20,511,57,15.78947368,18,4.986149584
20,512,29,31.76341731,3,3.285870756
20,513,177,21.08649035,52,6.19490112
20,514,9,9.027081244,4,4.012036108
20,515,945,15.2734678,721,11.65309025
20,516,107,23.40844454,19,4.156639685
20,517,140,26.9541779,24,4.620716211
20,518,,0,1,6.535947712
20,519,49,17.56272401,4,1.433691756
20,520,141,19.71200895,37,5.17265483
20,521,6,21.73913043,2,7.246376812
20,522,20,16.48804617,5,4.122011542
20,523,15,9.322560597,15,9.322560597
20,524,4,10.8401084,7,18.9701897
20,525,170,15.15421644,93,8.290247816
20,526,319,19.95496059,71,4.441386213
20,527,73,25.80417109,6,2.120890774
20,528,8,6.595218467,5,4.122011542
20,529,43,32.28228228,2,1.501501502
20,530,58,17.13441654,8,2.363367799
20,531,27,11.57308187,17,7.286755251
20,532,71,17.41903827,29,7.114818449
20,533,26,11.86672752,9,4.107713373
20,534,47,11.85671039,17,4.288597376
20,535,56,18.8172043,,0
20,536,3,6.085192698,4,8.113590264
20,537,140,20.74996295,52,7.707129094
20,538,8,11.34751773,5,7.092198582
20,539,57,11.34328358,17,3.383084577
20,540,136,19.26618501,34,4.816546253
20,541,18,10.54481547,7,4.10076157
20,542,9,12.06434316,9,12.06434316
20,543,145,26.07444704,12,2.157885272
20,544,11,9.945750452,10,9.04159132
20,545,193,21.525764,109,12.1570377
20,546,66,11.70627882,26,4.611564385
20,547,6,6.309148265,11,11.56677182
20,548,29,16.72433679,9,5.190311419
20,549,218,19.25965191,79,6.979415143
20,550,57,11.22931442,28,5.516154452
20,551,502,25.57961783,164,8.356687898
20,552,1,1.960784314,1,1.960784314
20,553,186,19.75151322,27,2.867155145
20,554,113,20.18578064,38,6.788138621
20,555,48,18.09272522,5,1.884658877
20,556,1,4.016064257,2,8.032128514
20,557,150,10.7372942,82,5.86972083
20,558,19,12.31367466,12,7.77705768
20,559,403,17.95420119,140,6.237191482
20,560,81,13.11953353,57,9.232264334
20,561,35,13.04509877,15,5.590756616
20,562,14,9.602194787,7,4.801097394
20,563,10,7.645259939,13,9.93883792
20,564,21,16.25386997,7,5.417956656
20,565,690,20.23401073,113,3.313685816
20,566,63,20.76466711,10,3.295978906
20,567,82,26.17299713,20,6.383657836
20,568,27,17.8335535,14,9.247027741
20,569,12,7.029876977,20,11.71646163
20,570,390,20.29664325,103,5.360395524
21,1,1775,29.41030272,269,4.457110666
21,2,153,17.16016151,46,5.159264244
21,3,827,24.42049313,293,8.652000591
21,4,1450,27.84285111,225,4.320442413
21,5,43,14.92537313,22,7.636237418
21,6,347,23.51904568,95,6.438931815
21,7,83,24.3902439,23,6.758742286
21,8,216,20.65601989,38,3.633929425
21,9,51,25.39840637,19,9.462151394
21,10,1943,32.05159928,288,4.750828921
21,11,39,22.03389831,8,4.519774011
21,12,115,18.28880407,53,8.428753181
21,13,478,25.26427061,104,5.496828753
21,14,107,21.38289369,24,4.79616307
21,15,2229,22.07717602,182,1.802622717
21,16,164,20.89704383,35,4.459734964
21,17,767,30.21350351,105,4.136138029
21,18,97,25.97750402,19,5.088377076
21,19,2848,22.41425446,1082,8.515527853
21,20,184,28.63367569,37,5.757858699
21,21,27,21.98697068,6,4.885993485
21,22,268,22.93735022,88,7.531667237
21,23,230,27.3549001,38,4.519505233
21,24,19,20.06335797,8,8.447729673
21,25,163,19.99264075,48,5.88740341
21,26,259,18.86380189,100,7.283321194
21,27,69,16.5190328,33,7.900406991
21,28,56,22.61712439,1,0.403877221
21,29,64,16.88208916,20,5.275652862
21,30,21,27.70448549,4,5.277044855
21,31,62,20.91767881,11,3.71120108
21,32,23,17.92673422,8,6.235385814
21,33,114,23.93449507,32,6.718454755
21,34,1078,31.15967164,124,3.584229391
21,35,528,26.88527929,101,5.142828046
21,36,391,27.52551918,100,7.039774727
21,37,35,14.96365968,28,11.97092775
21,38,292,33.5285337,34,3.904007349
21,39,225,24.42466348,63,6.838905775
21,40,257,26.94485217,36,3.774376179
21,41,1786,22.56389524,130,1.642388791
21,42,84,27.43305029,35,11.43043762
21,43,1009,21.27211013,297,6.261463538
21,44,337,21.93010998,67,4.359992191
21,45,901,20.53233672,290,6.608632241
21,46,222,31.75057208,30,4.290617849
21,47,391,20.53895046,155,8.142039187
21,48,439,23.39835838,92,4.903528408
21,49,536,33.99505296,70,4.439652439
21,50,747,30.93423886,121,5.010766937
21,51,665,19.59628702,167,4.92117283
21,52,14,11.40994295,19,15.48492258
21,53,1356,23.41604932,295,5.09419952
21,54,790,26.11224962,105,3.470615456
21,55,88,18.72738881,33,7.022770802
21,56,21,16.97655618,14,11.31770412
21,57,144,19.2951896,30,4.019831167
21,58,569,29.54769694,120,6.231500234
21,59,59,23.90599676,26,10.53484603
21,60,236,33.97638929,38,5.470774547
21,61,350,27.83300199,46,3.65805169
21,62,103,22.42054854,27,5.877231171
21,63,285,20.67464635,71,5.150525934
21,64,259,15.91886908,102,6.26920713
21,65,551,28.93907563,108,5.672268908
21,66,116,18.48311026,51,8.126195029
21,67,404,24.40940124,88,5.316899281
21,68,167,21.63772998,52,6.737496761
21,69,670,26.40602215,169,6.660623497
21,70,102,15.35450851,59,8.881529429
21,71,1910,19.53904228,546,5.585506327
21,72,331,21.09758429,103,6.565109312
21,73,190,21.89192303,53,6.10669432
21,74,1603,25.2612005,357,5.625856879
21,75,311,26.2049208,43,3.623188406
21,76,562,21.05736446,117,4.383828544
21,77,121,21.10219742,26,4.53435647
21,78,371,26.53411529,78,5.578601059
21,79,74,13.94647569,29,5.465510743
21,80,29,10.23649841,18,6.353688669
21,81,98,26.52232747,23,6.224627876
21,82,179,22.11787965,32,3.954034351
21,83,445,17.57087578,130,5.133064835
21,84,178,26.13419469,112,16.44398767
21,85,1575,21.63491257,553,7.59625819
21,86,231,18.41077548,55,4.383517972
21,87,277,21.87648081,73,5.765281946
21,88,76,16.52892562,30,6.524575903
21,89,256,19.69685312,84,6.46302993
21,90,487,26.26752967,96,5.177993528
21,91,107,10.47684324,57,5.581122099
21,92,103,19.72046716,29,5.552364541
21,93,162,20.85747393,60,7.724990344
21,94,759,24.07078523,187,5.930483319
21,95,12,24.79338843,1,2.066115702
21,96,73,27.72502848,7,2.658564375
21,97,49,22.11191336,11,4.963898917
21,98,133,21.38951431,36,5.789642972
21,99,475,25.06067321,101,5.328690514
21,100,202,20.80972494,50,5.150922015
21,101,49,13.61867704,22,6.11450806
21,102,365,30.38881026,57,4.745649821
21,103,139,23.13196871,26,4.326843069
21,104,670,24.54931848,77,2.821339587
21,105,78,16.16580311,29,6.010362694
21,106,936,36.39191291,88,3.421461897
21,107,257,22.07714114,67,5.755519285
21,108,339,20.45248869,69,4.162895928
21,109,461,22.3591037,102,4.947133573
21,110,1206,28.12040945,197,4.593466552
21,111,353,19.1483591,130,7.051803634
21,112,185,19.7186101,53,5.649115327
21,113,104,22.68266085,41,8.942202835
21,114,26244,17.04356161,15762,10.23626803
21,115,1365,28.86994776,191,4.039677672
21,116,557,26.18096357,115,5.405405405
21,117,432,30.74295474,73,5.194990037
21,118,804,31.46401597,116,4.539584393
21,119,1833,18.24988301,387,3.853084957
21,120,148,28.962818,21,4.109589041
21,121,21,18.55123675,8,7.067137809
21,122,242,25.67366858,60,6.365372374
21,123,80,19.41747573,21,5.097087379
21,124,348,24.07638024,102,7.056870071
21,125,184,22.52141983,46,5.630354957
21,126,142,24.37349811,39,6.694129763
21,127,48,12.70849881,40,10.59041567
21,128,181,22.3816001,42,5.193520465
21,129,286,22.52145838,71,5.590991417
21,130,66,19.32084309,24,7.025761124
21,131,19,21.78899083,12,13.76146789
21,132,2864,20.29593514,678,4.804694144
21,133,10,15.3609831,8,12.28878648
21,134,423,21.90574832,76,3.935784568
21,135,6,10.23890785,6,10.23890785
21,136,244,21.03811002,23,1.983100535
21,137,248,27.00054437,56,6.096897115
21,138,290,26.90915839,93,8.629488726
21,139,73,20.54023635,19,5.346088914
21,140,2471,20.51320366,444,3.685901427
21,141,65,19.14580265,26,7.65832106
21,142,568,20.56331909,193,6.987184129
21,143,748,26.32041944,134,4.715155354
21,144,392,28.9491175,60,4.430987372
21,145,351,25.93468302,76,5.615486922
21,146,11,12.58581236,16,18.30663616
21,147,131,22.03903096,50,8.411843876
21,148,340,42.28855721,51,6.343283582
21,149,546,24.82608103,76,3.455644978
21,150,134,18.98016997,44,6.232294618
21,151,168,20.95808383,33,4.116766467
21,152,259,22.12540577,57,4.869297796
21,153,484,23.88118616,99,4.884788079
21,154,1712,23.92030292,411,5.742549357
21,155,148,27.30627306,51,9.409594096
21,156,5721,20.81074986,1914,6.962379868
21,157,274,24.18785311,89,7.856638418
21,158,92,13.58535145,39,5.759007679
21,159,77,19.13518887,36,8.946322068
21,160,50,16.02050625,22,7.049022749
21,161,449,23.62909167,70,3.683822755
21,162,86,20.26390198,19,4.476908577
21,163,479,29.43164363,75,4.608294931
21,164,2062,27.60079242,426,5.702200568
21,165,29,25.41630149,1,0.876424189
21,166,187,23.21251241,51,6.330685204
21,167,236,23.046875,43,4.19921875
21,168,188,28.57142857,31,4.711246201
21,169,411,20.07031937,142,6.934270925
21,170,392,23.91702257,78,4.75899939
21,171,76,22.58543834,13,3.863298663
21,172,506,19.61772574,135,5.233978211
21,173,93,16.34733697,21,3.691334154
21,174,1605,17.39912842,897,9.723998873
21,175,285,29.06087489,50,5.098399103
21,176,217,25.8302583,45,5.356505178
21,177,1348,27.92740532,224,4.64075578
21,178,310,18.11276658,69,4.031551271
21,179,604,21.1425371,146,5.110613274
21,180,899,24.6179966,190,5.202913632
21,181,148,23.60823098,11,1.754665816
21,182,143,29.58824747,19,3.931305607
21,183,556,28.04398265,128,6.456168667
21,184,152,23.72775523,23,3.590384015
21,185,264,31.41361257,54,6.425511661
21,186,1032,20.04078066,257,4.990775803
21,187,104,19.20590951,33,6.094182825
21,188,464,27.24923655,116,6.812309138
21,189,472,23.95817471,100,5.075884473
21,190,20,17.31601732,14,12.12121212
21,191,208,22.49864792,57,6.165494862
21,192,90,15.04262076,31,5.18134715
21,193,166,26.59404037,28,4.485741749
21,194,568,20.36572248,199,7.135173897
21,195,682,28.16203493,140,5.78106289
21,196,25,15.16070346,20,12.12856277
21,197,1517,20.06587214,436,5.767119483
21,198,36,29.00886382,9,7.252215955
21,199,984,25.95621208,152,4.009496175
21,200,60,15.34134492,25,6.392227052
21,201,72,22.5917791,23,7.216818324
21,202,274,22.36917299,79,6.449506082
21,203,179,29.59166804,31,5.124814019
21,204,118,15.70401916,31,4.125632153
21,205,659,28.68210306,104,4.526462396
21,206,93,22.01704545,20,4.734848485
21,207,1158,21.72811708,349,6.548456703
21,208,1790,23.46125616,424,5.557303135
21,209,180,21.89781022,37,4.501216545
21,210,82,14.62196862,34,6.062767475
21,211,259,16.77026677,51,3.302253302
21,212,495,25.46558288,109,5.607572796
21,213,292,23.30407023,52,4.150039904
21,214,327,20.84130019,102,6.500956023
21,215,66,14.35094586,39,8.480104371
21,216,55,20.84122774,21,7.957559682
21,217,489,23.819962,126,6.137658922
22,1,1532,24.63141309,261,4.196343875
22,2,628,23.17941904,128,4.724467575
22,3,215,16.65375678,50,3.872966692
22,4,1245,19.39765982,479,7.463035383
22,5,1356,23.31058431,168,2.888036994
22,6,2748,19.20697826,405,2.830722778
22,7,856,22.45363691,143,3.751016447
22,8,838,23.56978118,102,2.868875513
22,9,549,21.48727984,223,8.727984344
22,10,344,17.26127754,98,4.917456972
22,11,3740,32.11458208,521,4.473715846
22,12,1403,21.93352719,160,2.501328831
22,13,331,17.94913508,78,4.229705547
22,14,15392,19.19345587,6143,7.660174078
22,15,154,17.37168641,32,3.609701072
22,16,4620,19.11468397,1856,7.678972606
22,17,1225,19.3178055,248,3.910870011
22,18,598,22.67556499,108,4.095252541
23,1,1399,17.58974037,376,4.727478469
23,2,1564,20.84610668,298,3.971956388
23,3,341,21.0454854,29,1.789792014
23,4,3678,15.03968465,1369,5.597968539
23,5,14041,21.23640302,3808,5.759434704
23,6,810,22.38867852,112,3.095718511
23,7,613,24.19768681,98,3.868471954
23,8,5825,36.56393196,1139,7.149582575
23,9,0,0,168,5.944167286
23,10,0,0,125,125000
23,11,468,468000,59,59000
24,1,397,21.2937138,68,3.64728599
24,2,151,18.44612753,54,6.59662839
24,3,1100,23.19549586,237,4.997575016
24,4,75,16.90712353,24,5.410279531
24,5,301,15.8948091,108,5.703120874
24,6,188,19.34952655,41,4.219843557
24,7,328,17.74411685,74,4.003245875
24,8,400,18.69683089,168,7.852668973
24,9,76,18.90077095,13,3.23302661
24,10,618,19.72991093,149,4.75688791
24,11,864,19.84929241,211,4.847454512
24,12,400,19.01231047,115,5.46603926
24,13,2632,15.69347636,2006,11.96090941
24,14,257,15.10431972,116,6.817513958
24,15,360,17.03093954,94,4.446967547
24,16,631,15.19420164,182,4.382479713
24,17,518,19.93457764,118,4.541081393
24,18,295,19.26719352,71,4.637188949
24,19,70,12.1233114,31,5.368895047
24,20,1601,17.49306178,577,6.304495094
24,21,1167,21.83675761,178,3.330713671
24,22,364,18.83375589,76,3.932322657
24,23,258,16.42579742,91,5.793595212
24,24,1672,18.18893869,973,10.58483095
24,25,594,19.6753892,105,3.477972839
24,26,163,17.35889244,55,5.857294995
24,27,169,16.61586865,80,7.865499951
24,28,13175,17.05272041,6785,8.781989221
24,29,270,12.64814728,154,7.214128449
24,30,70,12.80643981,44,8.049762166
24,31,254,21.46176595,50,4.224757076
24,32,912,22.61568219,171,4.240440411
24,33,195,16.19197874,57,4.73303994
24,34,262,17.51571066,73,4.880331595
24,35,4937,18.43271518,865,3.229552082
24,36,523,18.12950638,92,3.189129229
24,37,1883,19.44846106,600,6.197066722
24,38,224,14.1431999,86,5.429978533
24,39,229,16.04315539,88,6.165055345
24,40,555,14.62219412,105,2.76636105
24,41,304,15.74150787,78,4.038939519
24,42,241,16.75705743,85,5.910165485
24,43,196,21.71985816,47,5.208333333
24,44,129,16.32498102,30,3.796507213
24,45,196,13.52470328,55,3.79519735
24,46,367,22.49325815,46,2.81931846
24,47,158,16.15707128,40,4.090397791
24,48,106,19.81308411,30,5.607476636
24,49,766,20.19616115,152,4.007593335
24,50,1273,27.14401467,144,3.070493411
24,51,293,19.69615488,68,4.571121269
24,52,180,17.69215648,64,6.290544525
24,53,626,18.82989923,225,6.767935028
24,54,832,16.15596722,321,6.233251777
24,55,555,22.56464466,41,1.666937713
24,56,346,22.2823287,46,2.96239052
24,57,601,19.83563814,133,4.389583815
24,58,380,18.54110759,40,1.951695535
25,1,7286,17.50184363,2840,6.82201975
25,2,586,13.02424822,358,7.956793279
25,3,483,16.10053668,126,4.200140005
25,4,389,13.65247605,124,4.351946092
25,5,450,26.95094927,66,3.952805893
25,6,16807,19.57402305,5321,6.197023658
25,7,526,15.94036002,159,4.818473847
25,8,1057,24.63467499,217,5.057449833
25,9,1014,18.73233452,313,5.78226894
25,10,1523,15.61474738,388,3.978018373
25,11,4514,15.78807465,1696,5.931895129
25,12,7461,17.0173846,3120,7.116236423
25,13,582,12.69439658,259,5.649224595
25,14,914,18.50951802,286,5.79181855
25,15,1322,16.71619144,448,5.664791048
25,16,306,13.58369956,115,5.104985129
25,17,1377,15.59774359,323,3.658729979
25,18,2635,19.43172349,629,4.638540445
26,1,34,12.89343951,38,14.41031475
26,2,1492,18.85314261,460,5.8126311
26,3,354,13.69545032,93,3.597957289
26,4,171,18.8971157,20,2.210188971
26,5,16,12.76935355,5,3.990422985
26,6,40,13.17089233,9,2.963450774
26,7,7,11.2,0,0
26,8,10,7.987220447,0,0
26,9,10,12.75510204,0,0
26,10,12,8.1799591,4,2.726653033
26,11,17,10.32806804,8,4.860267315
26,12,365,15.99404058,20,0.876385785
26,13,29,17.61846902,8,4.860267315
26,14,36,10.11235955,21,5.898876404
26,15,21,14.44291609,15,10.31636864
26,16,65,12.32227488,17,3.222748815
26,17,1543,18.97698902,683,8.400054115
26,18,6248,15.26471379,4160,10.1634458
26,19,654,19.85669177,196,5.950935147
26,20,92,17.20590986,12,2.244249112
26,21,29,17.4383644,5,3.006614552
26,22,13,13.56993737,4,4.175365344
26,23,53,8.330713612,28,4.40113172
26,24,10,12.300123,3,3.6900369
26,25,890,16.44159539,64,1.182316972
26,26,1028,16.93100779,147,2.421068235
26,27,158,18.28915384,16,1.852066211
26,28,11,9.565217391,5,4.347826087
26,29,2480,16.6109619,1402,9.390551846
26,30,13314,16.97473806,6092,7.767019999
26,31,5,3.703703704,5,3.703703704
26,32,7,7.276507277,5,5.197505198
26,33,1186,14.95341243,508,6.405002963
26,34,13,11.26516464,3,2.59965338
26,35,228,18.51250406,50,4.059759662
26,36,509,17.13400882,229,7.708620864
26,37,14,10.37037037,7,5.185185185
26,38,77,16.45299145,50,10.68376068
26,39,102,15.93501015,12,1.874707077
26,40,19,9.263773769,10,4.875670405
26,41,243,19.05732884,80,6.274017724
26,42,2542,16.11625002,1212,7.684065708
26,43,3903,17.71739328,1287,5.842245747
26,44,11,27.56892231,1,2.506265664
26,45,20,6.949270327,3,1.042390549
26,46,2,4.514672686,5,11.28668172
26,47,146,15.42036333,12,1.267427123
26,48,1077,18.78204457,322,5.615430226
26,49,53,15.79261025,9,2.681764005
26,50,10,6.253908693,2,1.250781739
26,51,93,17.7956372,16,3.061615002
26,52,60,9.966777409,17,2.823920266
26,53,11,27.77777778,1,2.525252525
26,54,5,10.16260163,,0
26,55,3025,16.95817917,1348,7.556900998
26,56,217,25.88880935,22,2.624671916
26,57,13,8.104738155,2,1.246882793
26,58,256,15.98601224,71,4.433620582
26,59,31,15.51551552,6,3.003003003
26,60,32,11.83869774,,0
26,61,16,12.46105919,3,2.336448598
26,62,14,12.48884924,7,6.244424621
26,63,9,6.593406593,5,3.663003663
26,64,20,11.55401502,6,3.466204506
26,65,14,8.069164265,4,2.305475504
26,66,114,12.41154056,59,6.423516603
26,67,9,5.178365938,6,3.452243959
26,68,10,7.974481659,5,3.987240829
26,69,75,12.4048958,18,2.977174992
26,70,206,13.16125735,61,3.897265525
26,71,394,17.90176746,79,3.589440683
26,72,231,16.34125637,29,2.051499717
27,1,1113,19.61613705,292,5.146371984
27,2,5449,21.92924207,1351,5.437035427
27,3,2266,22.19175399,554,5.425521496
27,4,10464,16.34083381,6935,10.82986262
27,5,3809,19.75601913,1058,5.487494943
27,6,2741,21.68238198,645,5.102202253
27,7,460,15.58371163,217,7.351446575
27,8,4089,22.80726218,969,5.40480241
27,9,522,14.34420598,182,5.001236569
27,10,1731,20.76635155,324,3.886942752
27,11,574,19.45037444,123,4.167937379
27,12,3321,21.68717185,865,5.648721365
27,13,2406,20.90973876,359,3.119948551
27,14,1678,19.37196952,452,5.218194412
27,15,903,19.5023973,255,5.507321498
27,16,1106,20.65166651,306,5.713752217
27,17,1118,18.96200814,292,4.952510176
28,1,131,10.85335543,43,3.562551781
28,2,456,15.47336274,141,4.784526637
28,3,3635,17.14614554,704,3.320739053
28,4,132,14.66177941,69,7.664111963
28,5,59,12.85683155,26,5.66572238
28,6,110,14.40544788,29,3.797799895
28,7,309,20.69242617,113,7.567133195
28,8,88,19.89599819,20,4.521817771
28,9,2339,11.86009249,2331,11.81952783
28,10,25,12.43162606,16,7.956240676
28,11,128,14.56863191,45,5.121784657
28,12,746,17.17508921,261,6.008978934
28,13,272,17.37020244,72,4.597994763
28,14,32,7.147643511,15,3.350457896
28,15,277,17.55942948,109,6.909667195
28,16,282,11.85222544,161,6.766696087
28,17,304,20.12578616,106,7.01754386
28,18,109,13.0726793,53,6.356440393
28,19,185,10.67328218,109,6.288582473
28,20,32,12.40791004,22,8.530438154
28,21,1435,12.39291143,919,7.936645019
28,22,8457,17.28765538,2543,5.198357295
28,23,67,14.79028698,10,2.207505519
28,24,61,12.80974381,18,3.779924402
28,25,415,15.36183602,351,12.99278179
28,26,63,17.92828685,21,5.976095618
28,27,6919,18.01668086,2406,6.265086594
28,28,85,25.14049098,16,4.732327714
28,29,209,16.12405493,92,7.097670113
28,30,243,17.33238231,79,5.634807418
28,31,24,13.37047354,9,5.013927577
28,32,12573,20.649016,3625,5.953446512
28,33,2353,19.89700572,671,5.673986758
28,34,98,10.50262566,51,5.465652127
28,35,931,16.27053478,355,6.204124432
28,36,19,18.42870999,3,2.909796314
28,37,380,15.34485544,121,4.88612502
28,38,4355,14.63599884,2045,6.872702098
28,39,604,21.90628174,259,9.393587698
28,40,993,15.7194871,414,6.553743866
28,41,5065,15.73210997,2199,6.8301895
28,42,72,11.39962001,34,5.383153895
28,43,347,15.17669699,169,7.39153254
29,1,126,12.75949367,36,3.64556962
29,2,197,14.74440536,116,8.681984881
29,3,118,19.60784314,20,3.323363244
29,4,352,22.08973957,63,3.953561343
29,5,1336,17.46587878,462,6.039847304
29,6,919,20.51018814,200,4.463588279
29,7,332,21.6033316,67,4.359708485
29,8,292,21.35908127,47,3.437934314
29,9,152,30.00394789,30,5.92183182
29,10,1221,18.45832892,195,2.947890369
29,11,90,21.00350058,21,4.900816803
29,12,203,24.16954399,45,5.357780688
29,13,1833,21.57003495,399,4.695277657
29,14,265,19.09359464,47,3.386411125
29,15,674,19.16842045,132,3.75405267
29,16,132,19.4374908,39,5.742895008
29,17,231,23.71663244,61,6.262833676
29,18,643,18.32744271,150,4.275453198
29,19,371,19.81308411,87,4.646194927
29,20,164,19.35331603,32,3.776256785
29,21,334,20.07211538,69,4.146634615
29,22,146,25.5646997,18,3.151812292
29,23,517,21.88730367,136,5.757588586
29,24,430,17.11238459,110,4.377586756
29,25,1876,26.94821518,295,4.237592473
29,26,329,18.31032947,93,5.17586821
29,27,314,26.69387061,65,5.525801241
29,28,445,20.53435467,107,4.937474044
29,29,223,20.18464881,42,3.801593049
29,30,384,27.87658802,48,3.484573503
29,31,581,20.20166898,94,3.268428373
29,32,256,20.62852538,51,4.109589041
29,33,1202,13.38604599,1770,19.71156523
29,34,1093,27.36673427,182,4.556949348
29,35,130,23.25997495,25,4.473072106
29,36,312,15.12727273,78,3.781818182
29,37,183,22.25194553,42,5.107003891
29,38,264,18.06857847,219,14.98870714
29,39,484,22.23345124,93,4.272130093
29,40,228,23.32003682,41,4.193515393
29,41,620,22.96551469,119,4.407897174
29,42,243,19.82864137,74,6.038351693
29,43,501,15.14464496,91,2.750823736
29,44,844,21.83473897,185,4.786050603
29,45,148,26.02426587,17,2.989273782
29,46,90,21.70767004,21,5.06512301
29,47,61,22.02961358,13,4.694835681
29,48,405,24.05845313,83,4.930497802
29,49,99,19.54976303,24,4.739336493
29,50,221,22.36842105,61,6.174089069
29,51,97,27.08740575,20,5.585032114
29,52,102,18.02120141,21,3.71024735
29,53,166,24.33660754,30,4.398182085
29,54,101,20.01982161,26,5.153617443
29,55,62,21.88492764,14,4.941757854
29,56,136,19.83374654,42,6.125127607
29,57,106,24.37341918,17,3.908944585
29,58,177,22.14714715,39,4.87987988
29,59,158,25.0952986,23,3.653113088
29,60,60,13.52569883,16,3.606853021
30,1,183,22.25465159,45,5.472455308
30,2,62,20.09724473,13,4.213938412
30,3,1325,15.80824892,486,5.798346398
30,4,436,10.63570279,252,6.14724106
30,5,73,14.23279392,25,4.874244492
30,6,470,22.40976494,103,4.911076146
30,7,99,15.90616967,41,6.587403599
30,8,255,26.31307399,57,5.88174595
30,9,320,11.42163686,212,7.566834422
30,10,1308,21.65706338,319,5.281806742
30,11,673,12.95351747,248,4.773361563
30,12,101,13.49004942,34,4.541204755
30,13,334,12.12429214,241,8.748366488
30,14,484,11.45074288,158,3.738052427
30,15,469,13.98830828,239,7.128370317
30,16,369,14.47058824,451,17.68627451
30,17,49,12.1678669,23,5.711447728
30,18,53,29.49360045,14,7.790762382
30,19,173,28.85738115,25,4.170141785
30,20,296,30.13029316,37,3.766286645
30,21,316,13.74749848,140,6.090663882
30,22,434,21.63185964,100,4.984299457
30,23,694,14.3397318,224,4.628386057
30,24,312,21.35085198,70,4.790255252
30,25,785,30.83752357,138,5.421118793
30,26,295,13.6916365,58,2.691914973
30,27,216,12.9403307,89,5.331895519
30,28,1793,12.98729519,936,6.779759232
30,29,356,27.53499884,55,4.25400263
30,30,498,11.92014936,163,3.901574992
30,31,318,19.49365537,71,4.352357016
30,32,727,14.96100261,262,5.391723088
30,33,398,16.94843078,115,4.897159647
30,34,269,10.42595248,219,8.488043099
30,35,191,17.23671149,77,6.948831333
30,36,176,18.69158879,39,4.141886151
30,37,167,21.38284251,37,4.737516005
30,38,1087,12.53806404,463,5.340500138
30,39,4283,14.03066239,3076,10.07665597
30,40,726,15.01520134,161,3.329817377
30,41,42,19.58955224,19,8.861940299
30,42,82,14.31564246,26,4.539106145
30,43,342,18.27606477,82,4.381980441
30,44,2941,14.9637989,2761,14.04795946
30,45,591,10.30226964,739,12.88219503
30,46,232,14.80725045,78,4.978299719
30,47,1372,26.1283565,309,5.884593411
30,48,1487,12.63113188,338,2.871097898
30,49,330,16.74277017,132,6.697108067
30,50,250,16.13736122,107,6.906790602
30,51,419,19.20080653,113,5.178260471
30,52,185,15.88664663,51,4.379562044
30,53,480,18.27527127,122,4.644964782
30,54,93,7.960284174,52,4.450911581
30,55,221,17.50356407,73,5.78172026
30,56,63,9.33056872,34,5.035545024
30,57,262,19.86353298,58,4.39727066
30,58,611,11.1127278,422,7.675239169
30,59,302,19.85013803,101,6.638622322
30,60,228,14.91560905,73,4.775611671
30,61,1827,23.59672461,471,6.083227856
30,62,378,20.32148809,79,4.24708349
30,63,143,9.73583878,82,5.582788671
30,64,81,20.82797634,20,5.142710208
30,65,879,14.24219839,277,4.488155805
30,66,553,21.64552998,189,7.397839361
30,67,426,25.9471312,49,2.984529175
30,68,807,13.5037901,202,3.380130855
30,69,310,12.72943785,198,8.130415144
30,70,374,20.46287684,71,3.884663785
30,71,1031,18.89628123,288,5.278495629
30,72,364,17.52949675,114,5.490007224
30,73,649,15.58260703,247,5.930514538
30,74,113,16.74074074,22,3.259259259
30,75,227,13.25857135,133,7.768237837
30,76,272,20.03683241,41,3.020257827
30,77,637,15.09299846,345,8.174386921
30,78,154,12.11358452,76,5.97813262
30,79,210,19.58224543,64,5.967922417
30,80,478,22.32914467,106,4.951651329
30,81,335,15.8392435,74,3.498817967
30,82,282,18.92236462,71,4.764141448
30,83,858,17.2219992,309,6.202328382
30,84,63,11.00052383,31,5.412956173
30,85,980,14.98814713,186,2.844689149
30,86,1059,25.98964341,164,4.024836184
30,87,5628,12.29014168,4564,9.966632309
30,88,56,11.33603239,28,5.668016194
30,89,473,11.92246616,249,6.276308825
30,90,168,16.19121049,56,5.397070162
30,91,493,18.20531758,135,4.985228951
30,92,635,18.04592475,203,5.769012163
30,93,206,13.45262196,70,4.571279305
30,94,626,16.83112414,196,5.269808835
30,95,238,14.52370782,110,6.712638067
30,96,29,18.75808538,15,9.702457956
30,97,196,9.731393675,332,16.48378929
30,98,65,22.26027397,14,4.794520548
30,99,391,23.138833,81,4.793466682
30,100,298,13.19459818,155,6.862962143
30,101,652,19.20980525,90,2.651660234
30,102,2013,19.86029716,1101,10.86248742
30,103,258,21.8495935,59,4.996612466
30,104,331,19.09652109,116,6.692436393
30,105,910,15.3908602,225,3.805432466
30,106,91,20.54639874,29,6.547753443
30,107,85,29.34069727,12,4.142216086
30,108,1852,11.73340091,1675,10.61201216
30,109,859,13.65247382,466,7.406347844
30,110,337,32.44440166,74,7.124289978
30,111,334,20.71960298,84,5.210918114
30,112,293,14.46556406,133,6.566279931
30,113,110,24.40647881,17,3.771910362
30,114,104,10.42711049,49,4.91277321
30,115,627,18.07541513,204,5.88099631
30,116,309,20.90097403,154,10.41666667
30,117,418,18.52754754,115,5.097291787
30,118,1770,14.62870367,2029,16.76928799
30,119,149,28.38095238,33,6.285714286
30,120,237,15.83695289,77,5.145339125
30,121,283,12.15844647,112,4.811823337
30,122,314,19.73725564,67,4.211452637
30,123,1185,12.18008017,320,3.289135574
30,124,2185,13.77688384,1027,6.475450665
30,125,485,16.62952169,116,3.977370135
30,126,432,13.26129666,170,5.218565815
30,127,856,36.19756428,92,3.890392422
30,128,1407,20.39662521,343,4.972311618
30,129,283,15.8206619,129,7.211538462
30,130,749,18.27542456,343,8.369119656
30,131,2243,11.60306449,2392,12.37384319
30,132,454,25.28121172,66,3.675242232
30,133,556,10.04371545,140,2.528993099
30,134,296,13.70180068,91,4.21237791
30,135,389,19.21462089,79,3.902198074
30,136,142,20.21927951,15,2.135839385
30,137,141,25.71115974,28,5.105762217
30,138,568,13.9784417,682,16.78397401
30,139,87,14.72579553,36,6.093432634
30,140,74,27.25598527,14,5.156537753
30,141,2583,16.41417351,1209,7.682824534
30,142,442,13.21967998,188,5.622850307
30,143,832,14.74471441,300,5.316603754
30,144,489,15.29367611,199,6.223806843
30,145,206,14.31052449,54,3.751302536
30,146,82,23.41519132,14,3.997715591
30,147,605,28.29747428,92,4.303086997
30,148,403,14.92150474,186,6.886848341
30,149,720,22.08859983,143,4.387041355
30,150,177,15.78806529,54,4.816697886
30,151,225,9.538748516,132,5.596065796
30,152,148,12.08952785,44,3.594183957
30,153,73,12.42976332,21,3.57568534
30,154,141,11.00358982,92,7.179647261
30,155,1611,15.83401315,693,6.8112794
30,156,119,21.31088825,22,3.93982808
30,157,282,15.11011091,116,6.215506617
30,158,290,11.54182918,142,5.651516358
30,159,812,34.58409643,116,4.940585204
30,160,1699,16.25852879,628,6.009626886
30,161,514,14.70419957,203,5.807300606
30,162,87,13.92668481,26,4.161997759
30,163,86,16.46878591,33,6.319417848
30,164,212,12.98462669,91,5.573589759
30,165,173,20.97223906,43,5.212753061
30,166,144,15.99289205,51,5.664149267
30,167,245,17.56398308,91,6.523765144
30,168,369,25.19115238,68,4.642271983
30,169,420,17.5007292,135,5.625234385
30,170,246,23.1485838,38,3.575797497
30,171,108,20.40816327,21,3.968253968
30,172,296,14.6541908,124,6.138917768
30,173,965,18.35158984,306,5.819260612
30,174,1626,17.28187741,742,7.886317982
30,175,1474,16.41900773,464,5.16853432
30,176,86,18.56649396,25,5.397236615
30,177,259,25.14807263,40,3.883872221
30,178,154,11.59289371,94,7.076181873
30,179,99,24.96847415,20,5.044136192
30,180,171,15.16495211,50,4.434196524
30,181,512,13.82401382,262,7.074007074
30,182,313,19.18950402,55,3.371957575
30,183,894,15.39150196,298,5.130500654
30,184,184,25.73066704,48,6.712347923
30,185,118,24.18528387,14,2.869440459
30,186,111,16.41283454,37,5.470944847
30,187,128,22.47191011,24,4.213483146
30,188,266,16.21654575,76,4.633298787
30,189,2122,14.80169082,1623,11.32099162
30,190,44,20.21129995,17,7.808911346
30,191,392,13.51491122,161,5.550767109
30,192,251,12.84478788,124,6.34563226
30,193,7015,12.70474286,6130,11.10193496
30,194,316,29.12173993,46,4.239240623
30,195,106,20.53069921,19,3.68003099
30,196,225,12.88512198,71,4.065971825
30,197,151,13.29576473,73,6.427753808
30,198,85,12.52948113,33,4.864386792
30,199,256,23.88059701,56,5.223880597
30,200,184,14.86388238,65,5.250828015
30,201,790,18.84407127,283,6.750471102
30,202,296,21.34718015,46,3.317467186
30,203,270,20.09825815,75,5.582849486
30,204,535,11.62790698,248,5.39013258
30,205,288,15.05646173,90,4.705144291
30,206,348,12.84417214,109,4.023030929
30,207,640,14.19226078,273,6.05388624
30,208,282,12.3106474,142,6.198978478
30,209,276,19.30474925,70,4.896132056
30,210,686,25.08593579,142,5.192715571
30,211,433,14.78976671,155,5.294258291
30,212,234,18.85728101,72,5.802240309
31,1,105,16.51982379,20,3.146633103
31,2,230,14.9964139,71,4.629327769
31,3,241,23.25805829,30,2.895193978
31,4,72,12.62936327,17,2.981932994
31,5,26,12.66439357,9,4.383828544
31,6,139,16.093551,34,3.936552044
31,7,109,16.00352371,28,4.110996917
31,8,58,14.16361416,18,4.395604396
31,9,54,11.49914821,17,3.620102215
31,10,71,29.49729954,15,6.231823847
31,11,125,18.29893134,24,3.513394818
31,12,60,16.21183464,21,5.674142124
31,13,174,19.03095264,34,3.718691895
31,14,37,23.19749216,12,7.523510972
31,15,89,17.92186871,19,3.826016915
31,16,69,24.48545067,9,3.193754436
31,17,78,17.47311828,12,2.688172043
31,18,55,18.12191104,17,5.601317957
31,19,948,28.3069573,113,3.374141535
31,20,61,14.83102358,20,4.862630683
31,21,197,24.77364185,31,3.898390342
31,22,96,23.06583373,12,2.883229217
31,23,76,16.77704194,16,3.53200883
31,24,50,15.88310038,14,4.447268107
31,25,108,21.8579235,30,6.071645416
31,26,35,10.03152766,15,4.299226139
31,27,95,11.68080659,21,2.582073036
31,28,48,19.48842875,4,1.624035729
31,29,82,13.88653683,27,4.572396274
31,30,86,24.29378531,10,2.824858757
31,31,38,13.70851371,11,3.968253968
31,32,295,18.94547556,53,3.403763406
31,33,358,18.77097315,79,4.142197987
31,34,107,17.6538525,21,3.46477479
31,35,94,16.49991223,34,5.968053361
31,36,133,18.32713242,24,3.307151716
31,37,71,14.66639124,20,4.131377815
31,38,600,19.52425889,78,2.538153656
31,39,69,18.14357087,10,2.629503024
31,40,424,16.32024634,136,5.234795997
31,41,1715,21.78912196,62,0.787711698
31,42,99,17.99345692,33,5.997818975
31,43,66,23.90438247,7,2.535313292
31,44,132,20.08826663,16,2.434941409
31,45,35,14.29154757,9,3.674969375
31,46,64,22.16066482,11,3.808864266
31,47,99,18.85714286,25,4.761904762
31,48,356,16.40250645,90,4.146701069
31,49,66,20.18966045,10,3.059039462
31,50,11794,14.19711772,9374,11.28402421
31,51,44,14.32758059,9,2.930641485
31,52,576,16.95214551,188,5.532991936
31,53,227,18.40142672,62,5.025940337
31,54,45,16.33393829,6,2.177858439
31,55,116,18.4566428,29,4.6141607
31,56,618,21.0741688,159,5.421994885
31,57,95,12.73287763,32,4.288969307
31,58,550,22.76584296,92,3.80810464
31,59,873,16.17925053,192,3.55832314
31,60,18,19.10828025,2,2.123142251
31,61,57,16.57940663,10,2.90866783
31,62,66,14.38221835,17,3.704510787
31,63,94,18.76996805,14,2.795527157
31,64,33,20.38295244,2,1.235330451
31,65,22,11.96302338,7,3.806416531
31,66,68,17.7406731,13,3.39159927
31,67,171,18.43467012,29,3.126347564
31,68,43,13.75559821,11,3.51887396
31,69,152,17.99029471,38,4.497573677
31,70,69,17.55725191,27,6.870229008
31,71,32,18.94612197,5,2.960331557
31,72,24,12.79317697,12,6.396588486
31,73,225,50.59590735,22,4.947155386
31,74,25,6.927126628,,0
31,75,139,22.40128928,24,3.867848509
31,76,246,15.18518519,39,2.407407407
31,77,49,18.80276285,6,2.302379125
31,78,49,13.30437144,17,4.615802335
31,79,824,20.32209535,127,3.132167608
31,80,173,17.50303521,28,2.83286119
31,81,70,22.58064516,19,6.129032258
31,82,40,11.24543154,20,5.622715772
31,83,29,16.801854,5,2.896871379
31,84,113,16.57620654,34,4.987531172
31,85,364,24.59293291,53,3.580839132
31,86,40,17.96945193,13,5.840071878
31,87,33,6.984126984,15,3.174603175
31,88,24,12.13960546,19,9.610520991
31,89,651,17.27477776,143,3.794613241
31,90,125,18.2935753,12,1.756183228
31,91,220,19.26276158,65,5.691270467
31,92,191,28.65716429,28,4.201050263
31,93,246,14.3223102,69,4.017233349
31,94,100,21.07037505,14,2.949852507
31,95,62,11.50705271,22,4.083147736
31,96,1390,19.00516831,468,6.398862424
31,97,55,15.87759815,18,5.19630485
31,98,304,21.69723788,76,5.424309471
31,99,70,18.50872554,27,7.139079852
31,100,45,12.97203805,10,2.882675123
31,101,1089,21.35587237,121,2.372874708
31,102,1571,21.16765701,578,7.787973106
31,103,63,19.4684796,18,5.562422744
31,104,348,23.51033644,61,4.121064721
31,105,29,10.11157601,10,3.486750349
31,106,39,18.24988301,9,4.211511465
32,1,113,17.89673741,47,7.443775736
32,2,91,18.18181818,20,3.996003996
32,3,58,21.54531947,28,10.40118871
32,4,102,23.33028362,27,6.175663312
32,5,964,24.15011148,172,4.308941053
32,6,231,28.03738318,59,7.161063236
32,7,202,15.77755214,62,4.842615012
32,8,295,24.75870751,70,5.874947545
32,9,181,17.13203975,73,6.909607194
32,10,4903,23.00376749,1361,6.385504295
32,11,79,26.21971457,15,4.978426817
32,12,188,23.19842053,41,5.05923001
32,13,161,27.31591449,28,4.750593824
32,14,387,17.61172295,134,6.098115955
32,15,38,23.61715351,15,9.322560597
32,16,504,22.55437215,128,5.728094514
32,17,4010,25.06390984,1979,12.36944578
32,18,85,19.73989782,22,5.109150023
32,19,518,21.98921764,165,7.004287473
32,20,1203,20.88179136,464,8.054157264
32,21,90,19.63350785,36,7.853403141
32,22,391,19.03324733,116,5.646692304
32,23,212,17.25822208,121,9.850211657
32,24,1158,23.94293394,190,3.928460664
32,25,278,22.7235573,86,7.029589668
32,26,388,21.78184472,67,3.761297928
32,27,70,26.29601803,11,4.132231405
32,28,46,17.80185759,17,6.578947368
32,29,600,26.91065662,120,5.382131324
32,30,69,27.28351127,31,12.25780941
32,31,144,16.12722589,94,10.52749468
32,32,264,22.97050378,73,6.351692334
32,33,86,18.84724962,37,8.108700416
32,34,533,19.08205642,210,7.518258628
32,35,341,21.84917024,72,4.613314538
32,36,898,22.04221895,191,4.688267059
32,37,377,22.34074074,57,3.377777778
32,38,1493,21.37620984,287,4.109157551
32,39,1074,17.13109917,380,6.061282759
32,40,449,20.85171597,112,5.201318906
32,41,51,18.81918819,16,5.904059041
32,42,1184,19.35019939,350,5.720075832
32,43,30,22.05882353,12,8.823529412
32,44,191,12.19979561,62,3.960143076
32,45,145,17.65063907,63,7.668898357
32,46,106,14.9506347,95,13.39915374
32,47,108,19.61496549,45,8.172902288
32,48,494,19.37786843,147,5.766288785
32,49,588,17.6454701,212,6.361972211
32,50,186,19.88666738,55,5.880466161
32,51,727,21.17804708,183,5.330925192
32,52,332,18.17286113,94,5.145328152
32,53,294,22.80307143,91,7.058093539
32,54,462,24.98647918,96,5.191995673
32,55,569,19.35703351,222,7.552304814
32,56,2224,16.09541454,865,6.260132006
32,57,421,24.86122594,69,4.074642731
32,58,37,13.11591634,19,6.735200284
