ENTIDAD_RES,MUNICIPIO_RES,codigo_Postal,coordenada_lateral,coordenada_longitudinal,altitud
1,1,20170,21.879823,-102.296047,1878
1,2,20730,21.78255,-102.466863,1909
1,3,20832,21.92249,-102.334772,1854
1,4,20460,21.951039,-102.154189,2043
1,5,20909,21.824136,-102.187974,1959
1,6,20687,21.918869,-101.965307,2031
1,7,20436,21.934779,-102.023958,2028
1,8,20578,21.958919,-102.275712,1912
1,9,20656,21.955978,-102.249735,2001
1,10,20336,22.072393,-102.272678,1890
1,11,20303,22.194395,-102.018849,2006
2,1,22819,21.846907,-102.718751,1632
2,2,21290,21.961273,-102.343416,1878
2,3,21450,22.315824,-102.219239,1940
2,4,22106,22.229233,-102.323069,1952
2,5,22706,25.494426,-103.595815,1141
3,1,23789,25.491826,-103.690813,1156
3,2,23930,25.536552,-103.524849,1132
3,3,23085,25.889745,-103.624464,1122
3,8,23456,22.444819,-104.394148,993
3,9,23884,22.612379,-104.965031,1517
4,1,24904,22.588193,-104.513584,648
4,2,24035,22.524652,-104.493128,589
4,3,24323,23.010524,-104.301586,2699
4,4,24459,22.864651,-104.510763,2320
4,5,24810,22.734253,-104.461933,1472
4,6,24665,22.769773,-104.539924,2459
4,7,24207,23.47353,-104.396744,1404
4,8,24720,22.916333,-104.599662,1996
4,9,24370,23.228577,-104.447482,1383
4,10,24646,25.227777,-104.113803,1243
4,11,24336,23.848211,-104.244705,1730
5,1,25545,26.697064,-105.953554,2008
5,2,26250,26.400997,-105.387959,1687
5,3,26540,25.949324,-105.364866,1700
5,4,25369,25.058056,-106.245556,2301
5,5,25570,25.087767,-106.439348,2644
5,6,25875,25.034722,-106.216667,2380
5,7,27642,25.056233,-106.459733,1658
5,8,25490,24.993474,-106.501323,2615
5,9,27920,24.792509,-104.034267,1677
5,10,25616,23.975092,-104.044136,1907
5,11,25977,23.861412,-105.596688,1833
5,12,26662,23.170103,-104.955053,2593
5,13,26670,23.725527,-105.29364,2451
5,14,26406,23.845941,-105.433776,2556
5,15,25418,23.309155,-104.873682,2385
5,16,27739,23.275035,-105.307559,568
5,17,27449,23.778151,-105.360192,2548
5,18,25793,25.311796,-104.654705,1365
5,19,26506,25.180719,-104.560444,1344
5,20,26344,24.386107,-105.490712,2393
5,21,27579,23.684841,-105.785779,1601
5,22,26174,23.750289,-105.802109,1652
5,23,27527,24.48378,-106.172923,1696
5,24,27989,24.254799,-105.891319,1586
5,25,26095,23.761906,-105.741076,2712
5,26,25440,24.316938,-105.968924,2652
5,27,25903,24.102182,-105.931245,533
5,28,26719,24.630853,-102.782055,1522
5,29,27758,24.805379,-104.600804,1836
5,30,25311,25.03908,-105.420945,1730
5,31,25533,23.622163,-103.92187,1971
5,32,26887,24.946301,-106.867761,340
5,33,27944,25.468974,-106.928692,2360
5,34,27636,24.991647,-107.023478,281
5,35,27438,24.970316,-106.966602,246
5,36,27488,25.357063,-105.809989,1848
5,37,26615,25.380116,-105.747607,1821
5,38,26465,25.33336,-105.772553,1812
6,1,28307,25.343209,-105.723002,1800
6,2,28089,26.107386,-103.439236,1092
6,3,28450,25.227294,-106.736363,1264
6,4,28400,25.204687,-106.784628,838
6,5,28507,25.160601,-106.760719,949
6,6,28735,25.173431,-106.608253,894
6,7,28869,23.731111,-103.987778,1921
6,8,28750,25.00556,-104.941295,2019
6,9,28929,24.888313,-105.074205,1991
6,10,28979,24.870939,-103.698462,1585
7,1,30595,25.113621,-103.789744,1310
7,2,29387,24.100597,-104.572876,1863
7,3,30585,23.961403,-104.698092,1891
7,4,30197,24.044007,-104.340686,1845
7,5,29707,23.876958,-104.492235,1898
7,6,30943,23.960431,-104.661049,1881
7,7,29433,24.036497,-104.568311,1868
7,8,30370,24.237748,-104.714478,1898
7,9,30461,24.165056,-104.594821,1866
7,10,30953,23.503781,-104.825014,2629
7,11,30136,23.863611,-105.206389,2416
7,12,29130,23.91581,-105.142648,2440
7,13,29776,24.157325,-104.497487,1856
7,14,29846,23.985393,-104.61102,1871
7,15,30895,24.167992,-104.702836,1920
7,16,29980,23.791846,-104.487877,1990
7,17,30420,24.023988,-104.670194,1890
7,18,29655,25.693889,-103.437006,1115
7,19,30109,24.446433,-104.12366,2002
7,20,30360,24.318873,-104.079221,2027
7,21,29620,25.942545,-106.298116,2691
7,22,29856,26.040556,-106.375556,2752
7,23,29336,25.931662,-105.954432,2072
7,24,29441,26.129852,-105.934684,2371
7,25,29690,26.063381,-106.451854,2762
7,26,29873,26.128815,-106.333488,2717
7,27,29163,25.733976,-105.602291,2324
7,28,29395,20.4509,-101.528361,1709
7,29,29640,20.558266,-101.577358,1690
7,30,30125,20.416971,-101.432768,1718
7,31,29943,20.579602,-101.529135,1694
7,32,30605,20.497654,-101.566963,1680
7,33,29560,20.490601,-101.409398,1698
7,34,30140,20.659532,-101.5566,1720
7,35,30851,20.702327,-101.585361,1715
7,36,30963,20.646378,-101.520401,1710
7,37,30675,20.439776,-101.551648,1694
7,38,29473,20.198611,-100.364444,2266
7,39,29714,20.483506,-100.963729,1736
7,40,30640,20.393778,-100.881496,2345
7,41,30173,20.626478,-101.670386,1722
7,42,29729,20.644418,-101.693144,1759
7,43,29574,20.547634,-101.627523,1702
7,44,29346,20.594592,-101.645791,1711
7,45,29596,21.14264,-100.318949,2120
7,46,30448,21.177383,-100.347284,2083
7,47,29761,21.092885,-100.346515,2080
7,48,29517,21.121863,-100.866449,1888
7,49,29864,21.170698,-100.93698,1965
7,50,29970,21.1592,-100.917236,1932
7,51,30560,21.139328,-100.909296,1912
7,52,30188,21.143001,-100.735002,1960
7,53,30923,21.182611,-100.923082,1915
7,54,30654,21.140601,-101.020883,1971
7,55,30860,21.273551,-100.796973,1940
7,56,29490,21.209357,-100.761797,1971
7,57,30911,21.203226,-100.923033,1908
7,58,30340,21.103636,-101.397462,1971
7,59,29950,21.016098,-101.253621,2020
7,60,29684,21.003666,-101.283624,1961
7,61,29140,20.930822,-101.278321,1867
7,62,29550,20.856501,-101.306216,1792
7,63,29190,20.961224,-101.313779,1886
7,64,29460,20.966591,-101.275791,1932
7,65,29960,20.368274,-101.496867,1719
7,66,29887,20.658409,-101.463119,1726
7,67,29660,20.644522,-101.322219,1725
7,68,29520,20.710606,-101.304074,1742
7,69,30540,20.739983,-101.335938,1754
7,70,30973,20.615491,-101.380713,1714
7,71,30624,20.672801,-101.348117,1715
7,72,29754,20.609266,-101.415955,1718
7,73,29740,20.68618,-101.299899,1740
7,74,29500,20.769966,-101.341766,1758
7,75,30358,20.716829,-101.297302,1751
7,76,29816,20.619631,-101.483145,1709
7,77,29904,20.376517,-101.063975,1716
7,78,29290,20.03538,-100.719326,1880
7,79,29125,20.104639,-100.784636,1852
7,80,30985,19.958944,-100.925453,1829
7,81,29823,20.144041,-100.762688,1858
7,82,29896,21.115698,-101.741724,1974
7,83,30396,21.086682,-101.521503,1882
7,84,29583,21.106407,-101.530663,1938
7,85,29780,21.196706,-101.661236,1955
7,86,29150,21.168079,-101.416432,2304
7,87,30843,21.038433,-101.768775,1764
7,88,29547,20.96234,-101.595508,1783
7,89,30785,21.121972,-101.6832,1800
7,90,29670,21.513018,-101.435414,2195
7,91,29735,21.537081,-101.377642,2223
7,92,29605,20.412399,-101.745798,1775
7,93,29480,20.394882,-101.930048,1682
7,94,29410,20.400429,-101.706478,1720
7,96,29916,20.393109,-101.692126,1702
7,97,30506,20.28499,-101.634829,1719
7,98,30330,20.342255,-101.898842,1679
7,99,30160,20.390622,-101.921191,1680
7,100,29920,20.378279,-102.057884,1669
7,101,29096,21.029579,-101.878099,1764
7,102,30875,20.901889,-101.517863,1773
7,103,30695,20.914499,-101.632728,1764
7,104,30115,20.813806,-101.5992,1773
7,105,30885,20.777933,-101.497289,1733
7,106,30217,20.832866,-101.616337,1779
7,107,30535,20.881572,-101.663444,1759
7,108,30478,20.81919,-101.493176,1743
7,109,29930,20.871215,-101.517117,1751
7,110,29405,20.701153,-101.667466,1709
7,111,29367,20.781994,-101.536074,1743
7,112,29794,20.757836,-101.519284,1749
7,113,29878,20.58096,-101.242984,1712
7,114,29956,20.593036,-101.126259,1730
7,115,30183,20.636566,-101.178124,1714
7,116,29959,20.577938,-101.15211,1719
7,117,30383,20.638449,-101.126646,1753
7,118,29829,20.643363,-101.221362,1720
7,119,29868,20.573413,-101.257508,1715
8,1,32818,20.54812,-101.150246,1713
8,2,32930,20.556628,-101.299578,1703
8,3,33920,20.554238,-101.180811,1719
8,4,31650,20.489986,-101.217548,1722
8,5,31830,20.571052,-101.291007,1711
8,6,31670,20.576178,-101.267094,1711
8,7,33564,20.568681,-101.199915,1710
8,8,33408,20.891474,-100.675595,2045
8,9,33211,20.93578,-100.738376,1925
8,10,31885,20.90534,-100.918429,1919
8,11,33601,21.092087,-100.595206,1998
8,12,33295,20.93916,-100.733726,1971
8,13,31850,20.866561,-100.57623,2081
8,14,33992,20.957719,-100.892677,1895
8,15,32850,20.814295,-100.666701,2234
8,16,33671,20.951118,-100.792522,1852
8,17,31600,21.041053,-100.64281,1999
8,18,33251,20.921578,-100.571836,2112
8,19,31054,20.904013,-100.713381,2028
8,20,33364,21.018681,-101.858518,1752
8,21,33086,21.000822,-100.38572,2093
8,22,33142,21.458739,-100.614459,2233
8,23,31870,21.412871,-100.650671,2113
8,24,33277,21.290796,-100.493042,2056
8,25,31902,21.436421,-100.620054,2174
8,26,33263,21.187181,-100.582793,1982
8,27,33195,20.94445,-101.426216,1779
8,28,32777,20.160788,-101.168852,1809
8,29,33483,20.391322,-101.18143,1726
8,31,31699,20.560528,-100.495392,1813
8,32,33860,20.521524,-100.813573,1759
8,33,33544,20.466389,-100.805278,1752
8,34,31920,20.529589,-100.762553,1759
8,35,31845,20.563338,-100.782584,1761
8,36,33970,20.727518,-101.95279,1726
8,37,32423,16.861867,-99.886558,19
8,38,32950,17.038467,-99.200778,405
8,39,33954,16.73296,-98.601091,359
8,40,31940,16.786371,-98.502238,421
8,42,32992,16.655067,-98.627095,166
8,43,31991,17.126111,-100.455,3
8,44,33960,17.144087,-100.432755,11
8,45,33136,17.13637,-100.468668,5
8,46,33451,18.457887,-99.405342,1262
8,47,33350,18.555761,-99.427873,1090
8,48,31976,18.548318,-99.422036,1041
8,49,33170,18.180104,-101.75258,609
8,50,31700,18.316395,-101.734611,308
8,51,33336,18.235866,-99.66119,607
8,52,32884,16.608759,-98.978624,41
8,53,32792,17.950474,-98.913547,1100
8,54,31643,18.034151,-99.041724,882
8,55,33123,17.009002,-100.089367,13
8,56,33538,18.057641,-101.102336,879
8,57,33160,18.356354,-100.88715,330
8,58,33693,17.884941,-100.817634,1002
8,59,33500,18.056106,-100.778349,515
8,60,33593,18.317708,-100.675222,242
8,61,33159,17.933291,-100.754789,805
8,62,33637,16.471986,-98.416745,51
8,63,31985,18.465244,-100.578513,262
8,64,33550,18.546685,-100.626961,300
8,65,33433,18.494666,-100.651523,368
8,66,33310,17.657179,-99.168693,1362
8,67,33663,17.505089,-99.094928,1855
9,2,2080,17.594232,-99.177682,1406
9,3,4480,17.551649,-99.501063,1257
9,4,5320,17.486166,-99.45515,1140
9,5,7140,18.159555,-100.496057,270
9,6,8400,16.723881,-99.123787,49
9,7,9020,18.418485,-100.072052,1175
9,8,10926,17.789448,-99.978318,1540
9,9,12500,17.802174,-98.565287,881
9,10,1500,18.344549,-99.538368,730
9,11,13540,17.661035,-101.600997,18
9,12,14470,17.650458,-101.548176,9
9,13,16090,17.660802,-99.677341,1124
9,14,3300,17.244628,-98.671108,1532
9,15,6018,17.741925,-99.329341,1093
9,16,11530,17.472358,-99.371294,996
9,17,15970,17.746091,-98.738358,1550
10,1,34405,17.778332,-98.741256,1331
10,2,34513,16.685089,-98.404421,323
10,3,34473,18.512364,-99.887018,1783
10,4,35830,17.378454,-101.057052,37
10,5,34204,18.362273,-100.668241,243
10,6,35987,18.129021,-100.320033,301
10,7,35073,18.601587,-99.543545,1580
10,8,34705,18.557382,-99.604595,1752
10,9,35440,17.221216,-100.640229,16
10,10,35336,17.282353,-101.045491,19
10,11,35546,17.226347,-100.610522,49
10,12,35169,17.222609,-100.632378,23
10,13,35230,18.349324,-99.859738,1612
10,14,34987,17.546949,-98.582138,1057
10,15,35737,16.792424,-98.242467,368
10,16,34873,18.481934,-101.362136,200
10,17,35353,18.403402,-101.232261,506
10,18,35694,18.447872,-100.979228,217
10,19,34667,18.364321,-101.090301,388
10,20,34773,18.449917,-101.445448,197
10,20,34783,18.410091,-101.369988,341
10,21,34743,18.304383,-101.261714,631
10,22,34803,18.489687,-101.097744,212
10,23,34966,17.653197,-99.525937,1041
10,24,35775,16.583314,-98.817852,2
10,25,35465,17.192967,-98.45528,2009
10,26,34697,19.896969,-99.227054,2299
10,27,35945,20.90138,-98.451668,294
10,28,34482,20.926546,-98.563036,1154
10,29,35756,20.493072,-99.05954,2022
10,30,35594,20.03547,-98.309738,2242
10,31,35893,20.032678,-98.265267,2284
10,32,34637,20.125798,-98.178749,2288
10,33,34905,19.657008,-98.547416,2494
10,34,34588,21.139212,-98.420595,141
10,35,35635,20.484868,-99.218774,1682
10,36,35283,20.283665,-98.347755,2178
10,37,34563,20.140491,-98.67153,2718
10,38,34894,21.087576,-99.073298,1601
10,39,34427,20.22938,-99.213798,2000
11,1,36987,21.170944,-98.607815,175
11,2,38735,20.12236,-98.737001,2378
11,3,37895,20.039193,-98.357006,2180
11,4,38523,19.9675,-98.517222,2634
11,5,38197,19.772706,-98.581903,2448
11,6,37947,19.785674,-98.553662,2510
11,7,38046,19.905217,-99.341814,2139
11,8,36480,19.841089,-98.981584,2266
11,9,38217,20.091614,-99.221593,2062
11,10,38594,20.057222,-99.317222,2080
11,11,38495,20.080605,-98.368073,2148
11,12,36968,20.890503,-98.383551,300
11,13,37966,20.645181,-98.653627,1979
11,14,37806,20.020409,-98.78939,2327
11,15,36094,20.738069,-99.383113,1764
11,16,36993,20.007579,-105.456441,20
11,17,36615,20.623333,-103.245556,1653
11,18,38474,20.533866,-102.688503,1540
11,19,38554,20.543614,-102.789218,1548
11,20,37150,19.554444,-103.372222,1129
11,21,38860,21.983056,-103.596667,1764
11,22,37647,21.609425,-102.60243,1885
11,23,36948,20.228611,-103.565278,1356
11,24,36894,20.24939,-104.591691,1519
11,25,36423,20.817778,-103.451667,1620
11,26,36214,20.720962,-103.388988,1577
11,27,36878,20.6225,-103.064167,1530
11,28,38900,20.538679,-102.547462,1599
11,29,37875,19.771389,-104.365278,920
11,30,37613,19.821464,-104.335296,951
11,31,36360,20.528056,-102.328333,1604
11,32,37987,20.129167,-104.347778,1360
11,33,37913,20.290278,-102.541944,1529
11,34,37954,20.40585,-103.541996,1625
11,35,38245,20.318333,-105.323889,600
11,36,38974,20.487292,-105.442809,0
11,37,36285,19.708611,-103.464167,1519
11,38,38795,20.4075,-103.769444,1307
11,39,38710,22.117222,-103.264722,1666
11,40,37976,22.104086,-103.252695,1697
11,41,38983,19.978611,-103.257222,2121
11,42,38407,19.449722,-104.356944,589
11,43,37923,20.9275,-103.023889,1786
11,44,38280,20.914775,-103.127443,1797
11,45,37933,20.700556,-103.975,1320
11,46,38954,20.293333,-103.189722,1539
12,1,39710,20.4475,-102.135,1789
12,2,41135,21.524444,-102.233056,1818
12,3,40730,21.638763,-102.256934,1919
12,4,41690,21.574722,-102.142778,1871
12,6,40544,21.656304,-102.019961,1999
12,7,40515,21.440922,-102.350371,1805
12,8,41030,21.415058,-102.256988,1833
12,9,41570,21.544147,-102.137423,1881
12,10,41441,20.702804,-104.089199,1700
12,11,40930,20.767222,-104.078333,1389
12,12,39200,19.8075,-104.215556,881
12,13,41906,19.854596,-104.241359,919
12,14,40966,20.921601,-104.61492,485
12,15,40335,20.869942,-104.522461,570
12,16,40866,20.676389,-103.342222,1536
12,17,40580,20.995997,-104.114659,1142
12,18,41870,22.267408,-103.187433,1784
12,19,41060,22.362222,-103.211667,1847
12,20,41498,22.322836,-103.269287,1929
12,21,40989,22.628611,-103.894167,1753
12,22,40712,19.352924,-104.899706,19
12,23,41965,19.405657,-104.674821,337
12,24,41086,19.449315,-105.026572,32
12,25,41860,19.521073,-104.768861,261
12,26,40574,19.676358,-104.976714,220
12,27,40647,19.485,-104.643333,280
12,28,41115,20.349136,-103.192966,1598
12,29,39010,20.421372,-103.185806,1523
12,30,41810,20.7936,-103.192347,1634
12,31,40489,21.090503,-102.535427,1870
12,32,39140,21.168611,-102.461111,1779
12,33,41205,21.135107,-102.397061,1777
12,34,40152,21.122391,-102.500384,1798
12,35,40030,20.2945,-102.709717,1545
12,36,41996,20.708984,-102.135323,2249
12,37,40451,20.600864,-102.232166,2043
12,38,40893,20.551065,-102.058888,1922
12,39,39952,19.243167,-102.665742,440
12,40,39165,19.429577,-102.575884,897
12,41,41527,19.331911,-103.062385,880
12,42,41191,19.299003,-102.877406,540
12,43,41644,19.370556,-103.019722,759
12,44,39249,19.371574,-103.091108,1441
12,45,41027,20.284444,-103.425278,1537
12,46,41705,20.567457,-103.142228,1470
12,47,40474,20.083856,-104.096249,1225
12,48,40849,21.390783,-101.965791,1890
12,49,40382,21.321111,-101.973333,1877
12,50,40664,21.379079,-101.947454,1880
12,51,39261,21.625833,-101.966667,2056
12,52,41620,21.330466,-101.922397,1872
12,53,39966,21.314102,-101.712339,2142
12,54,40784,21.388399,-101.953104,1882
12,55,40225,21.356389,-101.929167,1876
12,56,39270,21.503808,-101.752511,1937
12,57,40900,21.68,-101.939722,2030
12,58,40422,20.906389,-103.976111,1390
12,59,40160,20.924521,-104.090221,1398
12,60,40374,19.601222,-102.946294,1020
12,61,39172,19.496248,-102.904657,1115
12,62,41769,19.496169,-102.595241,826
12,63,41540,19.591803,-102.850029,1119
12,64,40690,19.5875,-102.908333,944
12,65,41350,20.004444,-103.15,2073
12,66,41300,20.055773,-103.146831,1927
12,67,40600,20.581332,-104.753006,1540
12,68,40800,20.595953,-104.697576,2268
12,69,41380,20.554444,-104.841111,1219
12,70,41240,20.560035,-104.838751,1220
12,71,41772,20.507432,-105.101092,1215
12,72,41403,20.795706,-104.637872,1175
12,73,40760,20.525556,-104.782222,1237
12,74,41160,20.300278,-104.696111,1520
12,75,40194,19.938998,-103.019446,2138
12,76,41438,19.917222,-103.020278,2234
12,77,41935,20.548611,-104.043056,1239
12,78,41663,20.498369,-103.952748,1274
12,79,41127,21.364777,-102.723037,1848
12,80,41928,21.245696,-102.799117,1749
13,1,43542,21.219759,-102.770946,1709
13,2,43725,21.263056,-102.777778,1747
13,3,42524,22.151462,-104.302274,1280
13,4,43468,22.1351,-104.28025,1087
13,5,42157,22.355718,-103.666816,1919
13,6,42393,21.909167,-104.173889,1834
13,7,43950,22.061781,-104.325647,1648
13,8,43909,22.254013,-104.207691,1907
13,9,42695,22.058056,-103.931667,2447
13,10,42970,22.179444,-104.123056,1386
13,11,43063,22.035256,-104.363662,1520
13,12,43307,22.39,-103.728123,1348
13,13,42988,22.217422,-104.063525,2180
13,14,43240,22.189174,-104.242551,1940
13,15,42373,22.072833,-104.304896,1203
13,16,43750,20.440556,-104.408889,1539
13,17,42904,20.452496,-102.676576,1550
13,18,42282,20.351389,-102.768056,1530
13,19,42757,21.864167,-101.593333,2221
13,20,43344,21.765876,-101.652116,2270
13,21,43961,19.020519,-103.404176,327
13,22,43596,19.326273,-103.384839,755
13,23,42671,19.220323,-103.459564,675
13,24,43525,19.074154,-103.385252,370
13,25,43052,19.252439,-103.375038,712
13,26,43073,20.385028,-102.94937,1533
13,27,43425,20.381389,-102.924167,1524
13,28,43002,20.613611,-105.227222,101
13,29,42410,19.79893,-104.720729,527
13,30,42320,19.719167,-104.605,446
13,31,42215,19.888888,-102.832376,1620
13,32,43047,19.901839,-102.776124,1623
13,33,43197,19.927651,-102.872153,1642
13,34,43147,20.551286,-103.186069,1552
13,35,43410,20.576389,-103.321111,1523
13,36,43384,20.505556,-103.235,1529
13,37,43357,21.086662,-103.56617,1779
13,38,42124,21.044444,-103.429167,820
13,39,42133,20.891094,-102.054379,1783
13,40,42265,20.993056,-101.993611,1940
13,41,42724,21.288159,-102.257884,1851
13,42,43114,21.166389,-102.325278,1795
13,43,42364,21.268889,-102.337778,1830
13,44,42490,21.21942,-102.304226,1729
13,45,43565,21.247778,-102.332778,1743
13,46,43029,21.009722,-102.180833,2066
13,47,42251,21.684804,-103.807204,820
13,48,42083,20.435,-103.928611,1305
13,49,42230,20.908256,-102.362245,2109
13,50,42733,20.942181,-102.542337,1957
13,51,42185,20.705556,-102.340278,2058
13,52,42163,20.65398,-102.28531,2087
13,53,43440,20.714413,-102.441959,2005
13,54,42646,20.723905,-102.450457,2020
13,55,42630,20.877778,-102.379167,2068
13,56,43760,20.725285,-102.236997,2186
13,57,43797,20.901465,-104.721847,893
13,58,42380,20.807014,-104.831053,1121
13,59,42443,22.173333,-103.223056,1703
13,60,43488,19.883611,-103.597222,1360
13,61,43997,20.710833,-103.691389,1396
13,62,43135,20.6525,-103.702778,1334
13,63,42852,20.244459,-105.078028,865
13,64,42924,20.387257,-104.836919,1141
13,65,42943,20.487286,-104.879976,1117
13,66,43880,20.181125,-104.817013,597
13,67,42766,20.187283,-104.812814,661
13,68,43274,20.423036,-104.850896,1141
13,69,43803,20.381389,-104.818056,1178
13,70,42780,19.629354,-103.274008,1179
13,71,43184,19.775116,-103.125155,1238
13,72,43937,19.610168,-103.22603,1180
13,73,43165,19.720333,-103.209481,1158
13,74,42964,19.676389,-103.25,1117
13,75,43860,19.925683,-103.74179,2040
13,76,42809,20.032778,-103.6875,2532
13,77,43610,19.945556,-103.754167,2098
13,78,43092,19.491746,-103.32981,1104
13,79,43257,19.404508,-103.154642,1202
13,80,43089,19.320729,-103.263286,1981
13,81,43202,19.469444,-103.306667,1137
13,82,42191,20.199232,-104.023174,1178
13,83,43845,20.203611,-104.045,1220
13,84,42330,20.776111,-103.693889,1400
14,1,45477,21.349499,-102.519131,1670
14,2,45710,21.338737,-102.526608,1680
14,3,46737,21.606861,-102.74788,2261
14,4,49388,21.614167,-102.445278,1764
14,5,45380,21.389441,-102.637184,1729
14,6,46700,21.547015,-102.551773,1833
14,7,46573,21.513056,-102.628611,1903
14,8,47182,21.54,-102.596667,1866
14,9,45359,21.434444,-102.570278,1761
14,10,45799,20.10541,-103.260723,1411
14,11,48165,20.101925,-103.392537,1362
14,12,48146,20.139022,-103.401226,1365
14,13,47769,20.826944,-102.592222,2060
14,14,49228,20.715836,-102.793013,1770
14,15,48920,20.817832,-102.806472,1851
14,16,47940,20.786839,-102.699579,1861
14,17,48065,20.82996,-102.725517,1882
14,18,47914,20.800907,-102.73694,1840
14,19,46157,20.718829,-102.813476,1744
14,20,48400,20.917274,-102.697866,1984
14,21,48948,20.785828,-102.78565,1754
14,22,48995,20.841397,-102.737249,1894
14,23,49088,20.8175,-102.757222,1785
14,24,48520,21.005172,-103.62924,1665
14,25,46239,20.86725,-103.779931,1240
14,26,49170,21.215813,-103.699117,1357
14,27,48954,20.965369,-103.655923,1651
14,28,48155,21.017232,-103.715552,1823
14,29,45494,20.88626,-103.824714,1189
14,30,45922,20.91011,-103.82851,1061
14,31,46300,21.02575,-103.805464,1352
14,32,48655,21.111588,-103.864511,1291
14,33,47990,20.928089,-103.842738,1152
14,34,48680,21.155349,-103.797641,905
14,35,47282,20.911863,-103.78106,860
14,36,46535,20.96265,-103.733043,1485
14,37,48753,20.938107,-103.686813,1483
14,38,46810,21.134747,-103.964169,859
14,39,44720,20.518056,-103.380556,1552
14,40,46448,20.5475,-103.333889,1508
14,41,46281,20.473611,-103.443056,1585
14,42,46029,20.638611,-103.307222,1569
14,43,48865,19.60466,-103.960649,688
14,44,45850,19.543741,-103.89742,684
14,45,45280,19.614322,-103.857008,1047
14,46,47127,19.970903,-99.884978,2545
14,47,47900,19.989113,-99.846926,2786
14,48,47956,20.020429,-100.01162,2697
14,49,49968,19.937252,-99.915338,2537
14,50,45825,19.975325,-99.174163,2183
14,51,45880,20.001098,-99.157271,2248
14,52,48635,19.602295,-98.961566,2233
14,53,47506,19.538523,-99.195198,2253
14,54,48720,19.226429,-100.088762,2022
14,55,46472,19.187108,-100.214909,1651
14,56,49977,19.25866,-100.124051,2191
14,57,49470,19.184621,-100.241163,1510
14,58,46935,19.194395,-100.131607,1820
14,59,49510,19.429531,-100.074561,2580
14,60,47359,19.403862,-100.090464,2495
14,61,46068,19.38852,-100.106948,2491
14,62,46850,19.681603,-99.514161,2826
14,63,47849,19.727588,-99.46308,2599
14,64,47565,18.961119,-99.667919,2177
14,65,49870,18.961709,-99.642,2159
14,66,45965,19.441876,-99.99505,2601
14,67,48315,19.284906,-99.735038,2749
14,68,48820,19.656996,-99.209286,2280
14,69,49585,18.902644,-100.259657,1152
14,70,45690,18.991859,-100.370725,1180
14,71,45255,18.910988,-100.408615,1292
14,72,47595,18.859582,-100.283418,1180
14,73,47116,19.011024,-100.289797,1073
14,74,47170,18.967888,-100.33333,1160
14,76,46380,18.920482,-100.299446,1128
14,77,46783,19.583871,-100.112984,2660
14,78,47146,19.537779,-100.149504,2909
14,79,49130,19.696923,-100.114991,2844
14,80,46975,19.64502,-100.106707,2742
14,81,46245,19.631042,-100.146626,2716
14,82,49330,19.560245,-100.162297,2917
14,83,45345,19.693551,-99.065103,2245
14,84,48202,19.543171,-99.235041,2274
14,85,49677,19.821197,-99.917513,2530
14,86,49344,19.030861,-98.782666,2358
14,87,49943,18.966955,-98.808143,2071
14,88,48542,19.05481,-98.770038,2424
14,89,49236,19.734005,-98.790387,2397
14,90,48570,19.704391,-98.769183,2335
14,91,47244,19.193123,-99.464408,2622
14,92,49290,19.639586,-98.97601,2384
14,93,47624,19.629299,-99.104377,2291
14,94,46402,19.665061,-99.17863,2251
14,95,46760,19.230574,-98.930908,2220
14,96,49404,19.261132,-98.895655,2237
14,97,45659,19.416908,-98.945299,2257
14,98,45509,19.599069,-99.049159,2259
14,99,49765,18.839082,-99.704366,1818
14,100,48486,19.581448,-99.798968,2531
14,101,45402,19.184387,-99.413736,2790
14,102,48766,19.370188,-99.740138,2615
14,103,49840,19.390132,-99.809792,2601
14,104,46180,19.342043,-99.79153,2720
14,105,47730,19.468754,-99.74576,2593
14,106,48777,19.293397,-99.768395,2770
14,107,49439,19.339859,-99.728943,2704
14,108,49810,19.101912,-98.880916,2532
14,109,47580,19.313401,-99.527754,2572
14,110,48000,19.381301,-99.543771,2568
14,111,47384,19.285373,-99.511817,2582
14,112,49542,19.39224,-99.501888,2575
14,113,49735,19.26649,-99.513139,2580
14,114,45730,19.327101,-99.460176,2690
14,115,46114,18.952342,-99.497565,1765
14,116,47267,19.271403,-99.579379,2594
14,117,47370,19.211109,-99.586854,2600
14,118,47336,19.634436,-99.611301,2749
14,119,45788,19.478803,-99.233218,2280
14,120,45010,19.408763,-99.0182,2262
14,121,49604,19.264167,-99.529722,2571
14,122,49779,19.023089,-100.007278,2140
14,123,45992,19.180303,-100.259603,1406
14,124,45443,20.013891,-99.527896,2398
14,125,47190,18.660812,-100.268223,982
15,1,50357,18.696534,-100.369477,777
15,2,55886,18.866189,-99.964195,2327
15,3,50393,18.858546,-99.96643,2312
15,4,51867,19.678303,-98.997619,2264
15,5,50900,19.761513,-98.961684,2266
15,6,52544,18.983517,-100.246595,1201
15,7,51260,18.833426,-100.102267,1206
15,8,51525,18.905696,-100.153403,1328
15,9,56956,19.915911,-100.004081,2390
15,10,55666,19.067931,-100.075406,2190
15,11,56315,19.046662,-100.17732,1703
15,12,52505,19.043075,-100.041359,1719
15,13,52985,19.128685,-98.769811,2461
15,14,50496,19.103761,-99.591575,2606
15,15,56973,19.745466,-99.183065,2280
15,16,55960,19.685479,-98.868628,2269
15,17,56760,19.58437,-98.845819,2278
15,18,52220,19.573365,-98.819719,2285
15,19,52700,19.029515,-98.819708,2322
15,20,55700,19.713778,-99.223514,2290
15,21,51727,19.51344,-98.881484,2250
15,22,56684,19.512786,-101.318609,2046
15,23,54667,19.498998,-101.382842,2171
15,24,54803,18.355694,-102.290063,837
15,25,56605,18.609862,-102.177229,749
15,26,54373,18.642777,-101.937171,191
15,27,52244,18.500169,-102.261653,891
15,28,56037,18.292939,-101.901978,60
15,29,56396,18.408244,-102.148822,657
15,30,56270,18.345694,-102.302341,816
15,31,56338,18.56595,-101.976476,334
15,32,51030,18.243444,-102.703863,638
15,33,55414,19.547652,-102.225094,2387
15,34,56993,19.371318,-102.028547,1597
15,35,54694,19.382635,-102.076107,1589
15,36,55679,19.378647,-102.021279,1584
15,37,52799,19.548424,-102.349253,1893
15,38,54494,19.488304,-102.074155,1954
15,39,56566,19.420888,-102.062799,1640
15,40,51924,20.341089,-102.282425,1542
15,41,51098,19.822408,-101.928897,2377
15,42,50774,19.818619,-101.79286,1990
15,43,52693,19.95137,-102.258118,1601
15,44,55784,19.99028,-102.178038,1632
15,45,54255,20.042463,-102.28782,1590
15,46,54570,19.981866,-102.242337,1645
15,47,50815,19.983579,-102.285958,1562
15,48,50736,19.881144,-100.945112,1835
15,49,52380,19.860275,-100.827583,1883
15,50,56860,19.433323,-101.922015,1400
15,51,52005,19.448939,-101.889441,1603
15,52,52463,19.43718,-100.357486,1944
15,53,54883,19.398128,-100.379508,1758
15,54,52161,19.211735,-102.587891,452
15,55,52183,19.161289,-102.539321,306
15,56,50563,19.017308,-101.126991,538
15,57,53840,18.777099,-103.159555,1020
15,58,57465,18.912971,-103.297743,616
15,59,55790,18.7986,-103.110135,1241
15,60,54416,18.882385,-103.143713,1132
15,61,55975,18.869253,-103.268471,740
15,62,52743,18.88898,-103.302296,438
15,63,52494,18.545324,-103.246621,1108
15,64,50615,18.346309,-103.028964,922
15,65,55937,18.972419,-103.086226,863
15,66,51130,18.786054,-103.151839,1037
15,67,52082,18.743025,-103.218128,1022
15,68,56813,18.517189,-102.994471,1829
15,69,56053,18.401321,-102.974351,1441
15,70,56520,19.820984,-101.583751,2030
15,71,54234,19.793624,-101.554031,2141
15,72,52363,19.955269,-100.164457,2497
15,73,52290,20.040486,-100.206437,2405
15,74,50694,19.810285,-102.705822,1640
15,75,55853,19.800895,-102.587855,1599
15,76,52105,19.793346,-102.647652,1624
15,77,51480,18.734231,-102.78838,920
15,78,51105,18.807228,-102.926448,2190
15,79,54280,18.935142,-102.736662,327
15,80,51650,18.893632,-102.794922,389
15,81,55773,18.921825,-102.620962,281
15,82,51414,19.968214,-101.139584,1837
15,83,56654,19.687652,-101.954816,2377
15,84,55980,19.849207,-102.119437,1777
15,85,50414,18.562694,-103.363841,412
15,86,51300,18.636944,-103.404167,518
15,87,50893,18.511433,-103.355813,585
15,88,52436,18.664558,-101.646553,200
15,89,56784,18.644531,-101.698558,164
15,90,52350,19.826306,-101.038485,1844
15,91,54784,19.871019,-101.024182,1848
15,92,55816,20.162616,-102.194566,1570
15,93,56070,20.21878,-100.247375,2595
15,94,56880,20.134689,-100.293722,2480
15,95,54640,19.560833,-101.6775,2059
15,96,55654,19.088057,-102.056664,491
15,97,51673,19.159804,-102.053965,646
15,98,52570,19.581358,-100.651619,2663
15,99,56130,19.689351,-100.555161,2060
15,100,56020,19.704568,-100.604271,2101
15,101,52644,19.649,-100.498867,1892
15,102,50520,19.690288,-100.507961,2032
15,103,56743,19.657752,-100.599301,2160
15,104,54080,18.962887,-101.808867,479
15,105,51583,18.626426,-100.899725,301
15,106,50285,19.956322,-102.306023,1577
15,107,51964,19.989719,-102.718563,1542
15,108,54970,19.312276,-100.432791,1313
15,109,54927,19.458725,-100.494612,1300
15,110,51245,19.420379,-101.214567,1580
15,111,51007,19.344864,-101.211829,1966
15,112,54346,19.382587,-101.317604,2311
15,113,51786,19.28069,-101.128434,958
15,114,50966,19.392121,-101.277616,2182
15,115,52077,19.847891,-100.342159,2209
15,116,51160,19.940516,-100.480348,2094
15,117,51800,19.891674,-100.441667,2020
15,118,51393,17.962334,-102.197981,10
15,119,51980,17.996051,-102.244394,13
15,120,55644,17.994349,-102.227545,10
15,121,54713,18.019546,-102.211029,19
15,122,56618,19.654164,-101.180781,2099
15,123,51459,19.703384,-101.192046,1920
15,124,50673,19.028805,-102.086734,418
15,125,55785,19.059041,-101.284734,790
16,1,58460,19.130533,-101.284378,1110
16,2,60593,19.416644,-102.12988,1877
16,3,58923,19.087227,-102.355264,325
16,4,58550,18.951385,-102.447127,210
16,5,61410,19.108572,-102.415402,331
16,6,60715,19.034618,-102.443432,228
16,7,61404,19.150264,-102.329759,1006
16,8,60895,19.647297,-102.048468,2220
16,9,61830,19.513598,-101.610116,2147
16,10,60927,20.34145,-102.022554,1680
16,11,59122,19.699349,-101.4587,2379
16,12,60538,20.057684,-102.716797,1535
16,13,61935,20.008392,-101.021763,1841
16,14,60804,19.32761,-101.754469,1854
16,15,60840,19.406085,-101.639798,2229
16,16,58410,18.518147,-103.40994,508
16,17,61047,18.554469,-103.423209,222
16,18,58876,18.608942,-103.49931,216
16,19,59946,18.532169,-103.586989,27
16,20,58850,18.293603,-103.17622,662
16,21,60246,18.506776,-103.511255,374
16,22,61305,18.274135,-103.348189,9
16,23,59594,18.226095,-103.129658,56
16,24,60276,18.504465,-103.577758,20
16,25,59787,19.757652,-100.2853,2446
16,26,60824,19.733341,-100.352407,2266
16,27,58863,19.262663,-100.425434,1512
16,28,59440,19.248333,-100.4175,1560
16,29,61883,19.180402,-101.446526,1175
16,30,59730,19.181256,-101.420214,1196
16,31,61006,19.140917,-101.468354,1031
16,32,61630,19.235537,-101.457328,1650
16,33,61730,19.293524,-102.303209,1950
16,34,61203,19.888234,-102.208453,1706
16,35,61858,19.207807,-101.709394,1910
16,36,58833,19.157929,-101.722401,1540
16,37,58360,19.22216,-101.661067,2095
16,38,61940,19.501894,-101.853476,1967
16,39,61647,19.14804,-100.779837,606
16,40,58977,18.853419,-100.845832,563
16,41,61288,18.900489,-100.736454,374
16,42,59295,19.721384,-100.224512,2785
16,43,59853,19.805304,-100.173593,2577
16,44,58786,19.783905,-102.582133,1603
16,45,59513,19.639606,-102.489147,1328
16,46,61578,18.820744,-102.254196,346
16,47,61472,18.745511,-102.251442,270
16,48,58453,18.681876,-102.541188,1281
16,48,58454,18.513978,-102.819889,684
16,48,58454,18.545096,-102.35287,909
16,48,58455,18.634116,-102.282048,843
16,49,58494,18.524801,-102.375023,902
16,50,61262,19.076655,-101.506994,1158
16,51,59504,18.853131,-101.468323,885
16,52,60985,19.567961,-100.463778,1721
16,53,58100,18.881974,-99.177198,1354
16,54,58804,18.622749,-99.178875,891
16,55,61760,18.63003,-99.162662,913
16,56,60287,18.741133,-99.258776,1042
16,57,61918,18.826029,-99.253406,1256
16,58,60490,18.781866,-99.231463,1111
16,59,61757,18.890882,-99.125478,1412
16,60,59434,18.907663,-98.969816,1378
16,61,61450,18.886062,-99.060754,1212
16,62,59186,18.580044,-98.743272,1102
16,63,58580,18.560444,-98.772758,1092
16,64,60765,18.812841,-98.923251,1354
16,65,60256,18.88342,-98.868144,1562
16,66,61608,18.686573,-99.244895,1024
16,67,59472,18.767087,-98.982142,1220
16,68,60445,18.792179,-98.962599,1278
16,69,59423,18.921783,-99.234897,1522
16,70,58765,18.840984,-99.183243,1248
16,71,58503,18.866586,-99.209589,1382
16,72,58995,22.513313,-105.364662,34
16,73,58423,22.52168,-105.342281,34
16,74,59140,22.503135,-105.464887,16
16,75,60360,22.406418,-105.389496,10
16,76,59010,22.437676,-105.390363,15
16,77,61987,21.948638,-105.297784,11
16,78,58900,21.905341,-105.161134,20
16,79,61806,21.950253,-105.145057,25
16,80,61293,21.480961,-105.098764,425
16,81,61595,21.541738,-105.286046,15
16,82,61678,21.333189,-104.587207,1163
16,83,60464,21.783193,-105.256401,10
16,84,59923,21.801767,-105.203058,12
16,85,59774,21.864646,-105.278691,19
16,86,59234,21.895358,-105.560247,1
16,87,61710,21.808336,-105.206044,14
16,88,58880,22.40467,-105.43172,9
16,89,60556,22.395041,-105.456034,10
16,90,60290,21.46426,-104.801788,962
16,91,59983,21.515058,-104.945582,992
16,92,61378,21.583192,-104.823073,702
16,93,61080,21.507413,-104.893799,926
16,94,58744,21.971556,-105.372802,3
16,95,59970,21.94479,-105.298087,10
16,96,60906,21.428144,-103.910016,671
16,97,61696,21.457588,-104.143716,1642
16,98,61445,21.888751,-104.357302,1096
16,99,61540,21.681907,-104.316664,1127
16,100,58442,21.748289,-104.3109,1062
16,101,61337,21.318885,-104.009764,1411
16,102,60223,20.75622,-105.339451,5
16,103,59165,20.75359,-105.242274,21
16,104,59570,20.798514,-105.466692,31
16,105,59200,20.832911,-105.449531,53
16,106,59267,20.691652,-105.273149,3
16,107,58685,20.728523,-105.28258,10
16,108,59626,20.74836,-105.251169,18
16,109,59463,21.23753,-104.900597,846
16,110,58966,21.304927,-105.156121,41
16,111,61703,21.166632,-104.865846,852
16,112,61525,21.175224,-105.135263,27
16,113,58546,21.250864,-105.165362,22
17,1,62646,22.875313,-105.209481,893
17,2,62846,22.66563,-105.172429,1161
17,3,62954,22.637261,-105.319985,65
17,4,62724,22.835784,-105.080868,1704
17,4,62724,22.817733,-105.305421,127
17,5,62616,22.863359,-105.117608,1395
17,6,62748,21.035055,-104.368911,1040
17,7,62345,21.443687,-104.899736,989
17,8,62763,22.349348,-104.950842,1161
17,9,62514,22.175108,-104.851544,1166
17,10,62978,22.108778,-104.812876,1104
17,11,62576,22.251125,-104.517943,424
17,12,62900,22.137406,-104.644626,1232
17,13,62934,22.112078,-104.480988,1054
17,14,62630,21.508889,-104.489959,826
17,15,62605,22.074436,-104.655214,911
17,16,62855,21.820371,-104.521747,357
17,17,62665,22.394283,-104.823724,2196
17,18,62584,22.216594,-104.803368,1978
17,19,62926,22.214905,-104.653295,1383
17,20,62529,21.858909,-104.709251,242
17,21,62620,22.284444,-104.792466,2222
17,22,62804,22.474707,-104.823906,2216
17,23,62536,22.061821,-104.805705,895
17,24,62772,22.497133,-104.765601,2117
17,25,62993,25.853534,-100.317251,488
17,26,62540,25.86405,-100.387202,559
17,27,62834,25.860824,-100.342117,496
17,28,62790,25.864374,-100.308034,481
17,29,62733,26.167042,-99.537401,194
17,30,62824,25.956843,-99.697676,340
17,31,62785,25.97022,-99.689484,330
17,32,62895,25.952069,-100.168108,399
17,33,62887,26.008542,-100.121778,455
18,1,63421,25.929006,-100.182958,400
18,2,63925,25.36595,-98.589822,110
18,3,63963,25.705914,-99.239317,137
18,4,63710,25.680402,-99.247596,168
18,5,63485,25.176189,-99.024219,156
18,5,63489,25.423458,-98.700183,105
18,6,63947,25.690843,-99.249257,155
18,7,63889,25.091155,-98.922044,116
18,8,63787,25.076431,-98.983924,121
18,9,63548,23.674692,-100.182256,1721
18,10,63637,24.015722,-100.4132,1668
18,11,63605,23.927083,-100.480023,1730
18,12,63763,23.884611,-100.317944,1943
18,13,63800,23.699468,-100.144981,1880
18,14,63843,25.925897,-99.184372,113
18,15,63351,26.021689,-99.194552,99
18,16,63446,25.858829,-99.941869,368
18,17,63177,24.845545,-100.320752,1887
18,18,63200,24.826267,-100.077428,1639
18,19,63590,24.605449,-100.29092,1895
18,20,63738,25.071117,-100.603556,1891
19,1,65654,24.593209,-99.996453,2071
19,2,65807,25.179669,-100.713058,1969
19,3,66940,24.901043,-100.267512,2710
19,4,67350,25.03045,-100.55267,1886
19,5,65002,24.72941,-100.230363,1986
19,6,66606,25.800492,-100.585469,716
19,7,67944,25.793297,-99.181233,124
19,8,65150,25.665894,-98.770504,220
19,9,67485,25.807986,-100.322642,500
19,10,66550,25.262861,-99.669872,299
19,11,65940,25.257186,-99.685814,310
19,12,65555,25.262603,-99.655044,290
19,13,67066,25.276549,-99.644321,283
19,14,67902,25.232563,-99.734181,347
19,15,66960,25.167748,-99.317691,222
19,17,67872,25.266656,-99.736093,334
19,18,66003,25.346785,-99.628528,281
19,19,66277,26.226969,-99.484081,150
19,20,67002,23.91949,-99.686414,2152
19,21,66073,25.677325,-100.259897,480
19,22,67415,25.858294,-99.514593,172
19,23,65850,25.871862,-99.450544,160
19,24,67978,25.952632,-99.509558,191
19,25,65780,25.95777,-99.496086,187
19,26,67174,24.884642,-99.673228,401
19,27,66860,24.424375,-99.783111,1641
19,28,65700,25.666007,-100.119648,380
19,29,67884,25.611061,-100.144336,458
19,30,67844,25.646225,-100.090881,374
19,31,67257,25.634892,-100.181208,475
19,32,65090,26.731659,-100.502451,414
19,33,67740,27.025312,-100.504324,323
19,34,66708,27.259913,-100.333227,205
19,35,65950,26.854391,-100.493522,373
19,36,67990,24.761109,-99.4624,339
19,37,65120,24.758783,-99.650349,460
19,38,67543,24.718869,-99.666907,489
19,39,64380,24.859653,-99.567869,350
19,41,66655,26.267977,-101.10924,823
19,42,66810,25.999809,-100.510206,575
19,43,67690,26.075963,-100.790066,909
19,44,65255,26.001256,-100.531844,592
19,45,65516,25.223904,-99.935988,454
19,46,66480,25.664697,-100.310892,530
19,47,65600,25.318584,-99.98606,389
19,48,66364,25.820469,-100.106561,377
19,49,67323,25.799465,-100.096312,360
19,50,65419,25.733321,-100.138683,390
19,51,65350,25.692019,-99.841087,269
19,51,65395,25.723522,-99.845444,271
20,1,68715,25.765555,-99.992111,300
20,2,68420,25.783258,-100.053678,338
20,3,70290,25.733793,-99.821996,273
20,4,69070,25.721791,-99.799051,264
20,5,70144,25.710275,-100.102772,372
20,6,69600,25.810901,-100.1148,369
20,7,71523,25.608626,-99.682711,241
20,8,70570,25.510774,-99.610048,213
20,9,68437,25.72065,-99.561435,186
20,10,70380,25.854395,-99.653023,220
20,11,69457,25.513718,-99.451222,181
20,12,70950,25.497478,-99.497079,194
20,14,70110,25.832169,-99.624805,200
20,15,71570,25.651543,-99.670988,217
20,16,69794,25.525908,-99.621234,215
20,17,71567,25.501866,-99.518333,197
20,18,69321,25.530231,-99.672719,229
20,18,69325,25.684831,-99.613798,213
20,19,68640,25.771232,-99.545373,180
20,20,71031,25.484038,-99.721782,242
20,21,68418,25.696392,-99.624031,210
20,23,71407,25.665393,-99.736993,241
20,24,68610,25.680172,-99.601504,206
20,25,70195,25.012837,-100.080464,905
20,26,71105,25.032856,-100.110415,892
20,27,68618,25.017403,-100.086333,902
20,28,71504,25.186998,-100.209194,1299
20,29,68530,25.235147,-100.22674,1387
20,30,70117,25.180136,-100.1876,1189
20,31,70280,25.235123,-100.193381,2164
20,32,69210,25.023849,-100.088021,854
20,33,68256,25.197412,-100.213374,1267
20,34,69154,25.018122,-100.073214,840
20,35,68770,25.038698,-99.988484,702
20,36,70725,25.016458,-100.02117,768
20,37,71040,25.155838,-100.161176,1126
20,39,69005,26.498369,-100.181147,301
20,41,68501,26.504609,-100.162252,297
20,42,68728,26.493175,-100.041186,250
20,43,70050,26.293533,-99.961733,344
20,44,68400,25.891347,-100.267834,450
20,45,68228,25.885799,-100.294401,466
20,46,69902,25.973327,-100.273674,426
20,48,71347,26.282749,-100.084024,378
20,50,69848,25.861809,-100.304789,481
20,52,70744,26.0902,-100.324138,491
20,53,70746,26.196652,-100.512236,605
20,55,69253,26.076306,-100.225006,455
20,56,71631,25.896011,-100.251844,441
20,57,70300,25.9046,-100.277892,451
20,58,68583,26.120581,-100.161571,515
20,59,70805,25.912743,-100.242969,432
20,62,68701,26.126408,-100.219408,482
20,63,68240,26.128442,-100.219557,484
20,64,70533,26.136348,-100.227688,494
20,66,70135,25.968253,-100.300906,449
20,67,68044,25.755253,-100.289586,508
20,68,71515,25.454265,-100.089342,380
20,69,71565,25.329376,-100.229347,1743
20,70,71750,25.37991,-100.239537,1332
20,71,70965,25.4271,-100.153011,480
20,72,71550,25.352474,-100.127363,626
20,72,71553,25.448806,-100.095531,403
20,73,71007,27.240647,-100.132436,196
20,74,70590,26.887511,-99.81938,133
20,75,70170,27.291166,-100.040343,183
20,76,71081,27.140976,-100.020173,180
20,77,68238,27.289683,-100.247143,214
20,79,70612,27.703119,-99.759555,136
20,80,71580,27.722318,-99.799144,151
20,81,69449,27.327313,-99.968166,196
20,82,71766,27.08357,-100.020455,164
20,83,71260,27.13435,-100.086864,185
20,84,68247,27.599381,-99.912989,209
20,85,70921,27.634496,-100.312172,232
20,86,69860,27.331055,-100.263729,227
20,87,68290,27.158913,-100.010406,183
20,88,71174,27.405071,-100.351556,234
20,90,71777,27.221785,-100.087292,198
20,91,68288,27.136087,-100.007434,181
20,92,71224,27.420336,-100.151333,202
20,93,69550,27.441883,-99.815121,199
20,94,69954,27.35196,-100.331711,230
20,96,69665,27.31589,-100.283887,225
20,97,68844,26.907865,-99.867489,142
20,98,68633,27.432205,-99.802803,195
20,99,69160,27.217073,-100.164826,204
20,102,68244,27.351494,-100.391954,221
20,104,71345,27.075009,-100.026303,163
20,104,71345,27.302221,-100.203451,214
20,105,69546,27.325273,-100.187476,220
20,106,69526,26.895626,-99.859057,140
20,107,71254,27.131952,-100.020701,180
20,108,71307,26.892167,-99.816811,135
20,109,68565,27.442392,-100.401186,239
20,110,69873,27.629428,-100.258144,253
20,113,70930,27.260911,-100.118731,213
20,114,68865,27.148874,-99.991098,170
20,115,71294,27.243359,-100.117039,204
20,116,68577,27.566368,-100.199223,223
20,119,69850,27.416059,-100.328379,159
20,121,69569,27.195781,-100.061318,186
20,123,71210,27.317199,-100.351933,219
20,124,70786,26.888369,-99.851373,131
20,125,70503,27.35422,-100.368539,230
20,126,70837,27.090097,-100.024036,165
20,131,70496,27.191112,-100.164215,190
20,133,71124,27.147093,-100.115069,189
20,134,68462,27.234431,-100.247736,206
20,136,68492,27.027809,-100.033632,161
20,137,71372,26.90863,-99.881233,144
20,140,69685,27.727413,-99.797834,151
20,143,70178,27.354999,-100.360729,230
20,148,70889,27.121063,-100.034107,172
20,150,68213,27.435486,-100.402635,239
20,153,71973,26.878876,-99.821782,128
20,156,68800,27.143909,-100.020135,178
20,157,68285,27.238249,-100.153505,192
20,158,71277,27.31083,-100.296594,224
20,159,70843,26.891178,-99.869243,141
20,160,69057,27.115454,-100.018473,173
20,161,68208,27.29906,-100.247065,219
20,162,71545,27.138114,-100.009456,183
20,166,68456,27.734322,-99.850631,180
20,167,70833,27.45529,-100.39173,240
20,169,68407,27.342015,-100.265523,228
20,169,68407,27.317413,-100.35991,218
20,171,68574,26.894224,-99.721448,129
20,172,69830,26.413362,-99.843431,230
20,174,71270,26.484299,-99.728157,181
20,176,69302,26.487792,-99.885062,214
20,177,68600,26.487241,-99.772008,190
20,178,68236,26.422636,-99.907497,234
20,180,71620,26.516672,-99.883836,210
20,182,68650,26.485876,-99.860412,209
20,182,68650,26.499008,-99.991364,240
20,183,69190,26.430133,-99.887208,225
20,184,68448,26.659673,-99.989579,272
20,185,71612,26.40224,-100.392008,486
20,187,68558,26.498225,-100.424561,418
20,188,71720,26.396229,-100.394048,489
20,189,68990,26.482989,-100.465238,473
20,190,70212,26.404893,-100.432346,548
20,196,68748,26.491224,-100.46237,458
20,197,70464,26.394063,-100.437729,579
20,198,70344,26.482888,-100.425753,420
20,201,68828,26.509277,-100.409177,417
20,202,71947,25.781294,-100.189228,430
20,203,71575,25.840634,-100.141633,392
20,204,70546,25.701188,-100.124874,404
20,205,68955,25.796264,-100.214856,435
20,206,68588,25.834194,-100.188814,420
20,207,70247,25.711686,-100.132931,399
20,208,69776,25.822792,-100.221117,423
20,210,69807,24.083778,-99.874716,1272
20,211,70897,24.284358,-99.896302,2000
20,212,68987,24.293491,-99.734603,1190
20,213,71870,24.39175,-99.842944,1902
20,214,68706,24.161645,-99.760142,945
20,215,69675,24.018574,-99.787389,1261
20,216,68847,24.093998,-99.845762,1180
20,217,69955,24.239788,-99.719776,1224
20,217,69957,24.175701,-99.911808,1893
20,219,70453,24.102842,-99.828768,1113
20,220,68660,24.15631,-99.781999,990
20,221,69562,24.102507,-99.836283,1134
20,222,68812,24.235089,-99.664752,1049
20,223,68817,24.13611,-99.714443,892
20,224,69670,24.397559,-99.807813,1628
20,225,71760,24.26116,-99.75064,1353
20,226,70478,24.259883,-99.855382,1990
20,227,68264,24.323147,-99.914588,1954
20,229,71457,24.107695,-99.926621,1522
20,230,69430,24.112178,-99.81441,1062
20,231,70296,24.248887,-99.877393,1980
20,232,68479,24.099921,-100.058804,1602
20,233,70467,24.201351,-100.138809,1602
20,234,68564,24.242537,-99.695174,1041
20,235,70810,24.359774,-100.009652,1926
20,236,70894,24.427003,-99.718298,1055
20,237,69270,24.157788,-99.746034,925
20,238,71560,24.278963,-99.79947,1441
20,239,69816,24.31378,-100.032303,1829
20,240,69845,24.129581,-99.818523,1050
20,242,69780,24.358871,-99.794477,1514
20,244,68548,24.38872,-99.682255,885
20,245,69235,24.027802,-99.927325,1683
20,247,68760,24.220154,-99.882993,2011
20,248,70780,24.146106,-100.062936,1602
20,249,68575,24.029296,-99.79048,1250
20,250,69690,24.433414,-99.948988,2289
20,250,69693,24.352716,-99.673866,848
20,251,69180,24.090515,-99.859469,1213
20,252,69875,24.270454,-99.830468,1741
20,253,70973,24.352816,-99.954318,1980
20,254,70860,24.236568,-99.915188,2124
20,255,69995,24.266083,-99.858347,1984
20,256,69355,24.442084,-99.942232,2262
20,257,68850,24.100799,-99.832713,1126
20,258,69840,24.240797,-99.744929,1256
20,259,69171,24.240641,-99.871533,1992
20,260,68737,24.198733,-100.074939,1578
20,261,69243,24.213804,-99.86704,1957
20,262,68785,26.641831,-100.518384,473
20,263,70875,26.541705,-100.48578,446
20,265,70155,26.534664,-100.502706,460
20,266,70994,26.538234,-100.480307,442
20,267,68754,26.631053,-100.52312,481
20,268,71588,26.618645,-100.469866,494
20,269,71140,26.528923,-100.463386,439
20,270,69610,26.592278,-100.487808,460
20,271,71218,26.554723,-100.480004,451
20,273,71327,26.541228,-100.482935,444
20,274,69990,26.545727,-100.474467,445
20,277,71416,25.591008,-100.001594,330
20,278,68430,25.462676,-100.012413,351
20,279,70880,25.525678,-100.046369,359
20,280,68821,25.546581,-99.931289,291
20,282,70795,25.497938,-100.047145,344
20,283,69369,25.508633,-99.912244,290
20,285,71670,25.348647,-99.815334,284
20,286,69735,25.410988,-100.043594,474
20,287,69370,25.407219,-99.987595,360
20,289,70806,25.489611,-99.988611,323
20,290,69145,25.530206,-99.962957,312
20,291,70855,25.538031,-99.979375,310
20,292,71334,25.517863,-99.766175,255
20,293,68259,25.424941,-99.876829,311
20,294,68220,25.409877,-99.954276,336
20,295,71265,25.36966,-99.953011,352
20,296,68720,25.467147,-99.762986,241
20,296,68722,25.570164,-100.097778,407
20,297,71154,25.415746,-100.00325,379
20,298,70436,25.435597,-99.966388,330
20,299,68895,25.518333,-99.780658,253
20,300,71070,25.387599,-99.984365,370
20,301,71540,25.370336,-99.861711,310
20,302,71715,25.407851,-99.963626,340
20,304,69640,25.500641,-100.105158,437
20,306,70966,25.411721,-99.988464,363
20,307,70775,25.462782,-99.972421,326
20,308,70777,25.597513,-99.948157,327
20,309,68450,25.550068,-99.941944,293
20,310,71247,25.487244,-99.763958,249
20,312,71747,25.544987,-100.009125,325
20,313,68675,25.539882,-99.984974,310
20,314,71923,25.58168,-99.781263,260
20,316,70580,25.493943,-100.050578,355
20,317,69810,25.494961,-99.928472,299
20,318,71995,25.606546,-100.073739,382
20,319,70839,31.984089,-116.320213,660
20,320,69885,31.703324,-116.68454,23
20,321,69519,31.740847,-116.593094,8
20,323,70293,30.860916,-114.743668,25
20,324,70900,32.081389,-116.575,360
20,325,70487,30.966761,-116.16905,50
20,326,68666,32.102092,-116.847871,80
20,327,70185,31.705703,-116.611495,11
20,329,69980,32.110749,-116.571608,355
20,330,68620,32.111523,-116.603945,344
20,331,69930,31.984773,-116.643849,272
20,332,69590,31.638809,-116.439019,241
20,333,70480,31.968124,-116.625472,327
20,334,71805,30.718299,-114.707597,10
20,335,68734,31.694082,-116.5473,95
20,336,68708,31.875102,-116.547558,214
20,337,70283,32.0834,-116.640571,329
20,338,68200,30.418799,-114.633223,3
20,339,69502,32.075565,-116.879475,3
20,340,69038,31.755786,-116.549938,29
20,341,69556,31.74521,-116.575059,6
20,342,71280,31.756321,-116.578065,8
20,343,70407,31.753722,-116.607518,5
20,344,70852,31.654508,-115.827791,1162
20,345,71640,31.617074,-116.451619,203
20,346,69574,31.705228,-116.640969,17
20,347,70877,31.968333,-115.941944,1660
20,348,69750,31.895704,-116.672646,42
20,349,70426,31.711625,-116.612128,10
20,350,71324,32.077619,-116.646642,329
20,353,70820,32.018988,-116.663405,299
20,354,68515,32.062914,-116.590903,345
20,358,71364,32.047352,-116.649522,301
20,359,68745,31.744253,-116.569515,17
20,360,71516,31.691304,-116.538699,99
20,361,70595,32.101183,-116.622551,333
20,362,70830,31.645094,-115.948089,1073
20,363,68777,31.401966,-116.326273,179
20,364,71901,31.273324,-116.371395,16
20,365,68780,31.948781,-116.73271,189
20,366,70910,31.070361,-116.210299,47
20,368,71534,31.291031,-116.214614,111
20,369,71352,32.025822,-116.744999,263
20,370,69834,31.542578,-116.624675,20
20,371,71125,32.059779,-116.597015,345
20,373,69045,31.702063,-116.637183,-6
20,375,71227,31.835433,-116.203811,710
20,376,69460,31.922113,-116.251534,706
20,377,71194,31.970321,-116.328045,662
20,378,71215,31.726591,-116.615354,3
20,379,69855,32.064778,-116.601364,333
20,380,70456,31.362493,-115.759862,760
20,381,69260,32.024687,-116.624542,343
20,383,69820,31.921013,-116.234583,717
20,385,71233,28.0425,-115.186944,0
20,386,71367,32.077651,-116.623272,312
20,387,71343,31.979722,-115.980278,1560
20,388,71338,31.730009,-116.543994,135
20,390,71244,31.896221,-116.698703,10
20,391,70840,31.045061,-116.201539,115
20,392,71160,31.887523,-116.121071,895
20,394,70270,31.693636,-116.56332,43
20,394,70270,31.895606,-116.492131,439
20,395,69621,31.336249,-116.255604,107
20,396,68553,31.707345,-116.544801,89
20,397,69800,31.808944,-116.595134,18
20,398,71359,32.044531,-116.647464,315
20,399,71220,31.627971,-116.46475,204
20,400,69080,32.080405,-116.648094,339
20,401,70934,31.73079,-116.605195,6
20,402,71655,32.104595,-116.635252,358
20,403,71292,31.764556,-116.57491,13
20,404,69630,32.022388,-116.645134,316
20,405,69545,31.628172,-116.429766,217
20,406,68514,31.745814,-116.600433,6
20,407,70363,32.096985,-116.579578,343
20,408,69827,31.04733,-116.196344,109
20,409,68297,31.1193,-116.136899,81
20,410,70565,31.790135,-116.56714,78
20,411,70417,31.374928,-115.757409,750
20,412,70738,28.095556,-115.192778,0
20,413,70987,31.722887,-116.713865,20
20,414,71799,31.933647,-116.53113,320
20,415,71094,31.723962,-116.556462,89
20,417,68465,30.684671,-114.696621,10
20,418,70715,32.103069,-116.533682,348
20,419,68750,31.881834,-116.555551,183
20,420,71430,32.005997,-116.677803,295
20,421,70755,31.906147,-116.588624,40
20,421,70756,31.253299,-116.106423,146
20,423,69582,31.725192,-116.601751,9
20,424,70870,31.625846,-116.4601,179
20,425,68655,31.329365,-116.252598,102
20,426,68267,31.934518,-116.132719,959
20,427,70371,31.714685,-116.668521,12
20,428,70586,31.626751,-116.478505,317
20,429,71460,31.957373,-116.30401,670
20,430,69880,31.980746,-116.292303,673
20,431,68590,31.538407,-116.364367,211
20,433,71953,32.103883,-116.557071,346
20,434,68544,32.033264,-116.641828,339
20,435,70286,31.924604,-116.125377,1002
20,436,68680,31.8795,-116.357978,581
20,437,70265,32.093412,-116.850946,24
20,438,68627,32.024414,-116.667367,305
20,439,70947,31.404478,-115.734181,788
20,440,70716,31.897952,-116.443579,565
20,441,70125,31.965301,-116.278484,684
20,442,68840,32.09,-116.585,340
20,443,68790,31.65004,-116.440412,257
20,444,71176,29.909353,-114.462981,9
20,445,69891,31.945223,-116.188344,740
20,446,71114,31.989618,-116.631142,340
20,447,71054,30.971336,-116.154444,50
20,448,71393,31.902431,-116.51809,305
20,448,71394,31.341925,-115.579752,958
20,449,70490,31.951799,-116.664704,238
20,450,71388,31.904784,-116.253113,713
20,451,69625,32.012227,-116.659678,305
20,452,71518,31.889073,-116.445989,533
20,454,70276,31.877655,-116.506283,341
20,455,69220,31.986392,-116.311183,662
20,456,69065,30.508782,-114.639211,5
20,457,68807,31.398211,-115.771433,780
20,458,68711,31.105933,-116.065312,138
20,459,69015,31.910184,-116.70808,39
20,460,68900,31.77383,-116.568654,55
20,461,69492,31.922817,-116.633563,212
20,462,69093,32.018889,-116.650278,318
20,463,69657,32.01878,-116.654072,306
20,464,69330,31.979433,-116.661902,280
20,465,70298,32.029994,-116.652344,318
20,466,71733,31.694213,-116.540818,99
20,467,71703,31.683236,-116.569465,82
20,468,68924,31.733253,-116.709236,154
20,469,69715,31.69132,-116.545733,94
20,470,70705,31.255154,-116.145892,177
20,472,70723,31.981083,-116.640887,281
20,473,68795,31.868483,-116.545575,200
20,474,71660,31.968195,-116.638681,258
20,475,70440,29.826989,-114.404553,7
20,476,69050,31.762294,-116.578818,13
20,477,71492,31.704411,-116.609768,13
20,478,68694,31.68978,-116.614476,29
20,479,69595,31.708251,-116.577414,24
20,480,69824,31.714569,-116.586931,21
20,481,71132,31.717919,-116.580321,21
20,482,71607,31.689611,-116.560834,62
20,483,68230,31.764283,-116.580109,14
20,484,69106,32.08451,-116.646952,343
20,485,71685,31.757427,-116.564229,19
20,486,69533,32.086613,-116.630916,321
20,487,68217,31.964731,-116.655871,259
20,488,69375,31.721157,-116.614329,5
20,489,71784,31.716333,-116.584766,21
20,490,68535,30.368537,-114.641084,9
20,491,71382,30.98176,-116.164876,69
20,492,69943,31.289228,-116.402586,14
20,493,69680,31.759989,-116.549899,20
20,494,68269,32.097459,-116.615264,313
20,495,70890,31.977714,-116.628157,284
20,495,70890,31.991156,-116.668919,280
20,496,68768,31.980685,-116.62991,307
20,498,68965,31.764162,-116.534594,34
20,499,69570,31.341154,-115.584511,942
20,500,71185,31.85421,-116.185706,740
20,501,69421,31.854776,-116.514586,179
20,502,70201,31.98008,-116.746573,376
20,504,68764,31.671088,-116.514012,115
20,505,70124,32.026083,-116.751529,271
20,506,70446,31.308942,-116.242456,83
20,507,71699,31.988079,-116.667201,265
20,508,70730,31.623905,-115.948469,1068
20,509,70908,31.549081,-116.397174,164
20,510,71146,31.396067,-115.7207,782
20,511,69960,31.964636,-116.292567,672
20,513,70356,31.91531,-116.593717,87
20,515,70760,32.056235,-116.652857,300
20,516,71398,31.729832,-116.696222,81
20,517,70207,31.901296,-116.537235,232
20,519,68293,31.881481,-116.505444,360
20,520,69290,31.095767,-116.083651,120
20,521,69536,31.348439,-116.240192,101
20,521,69537,32.112426,-116.534386,320
20,522,68890,31.563353,-115.835526,1038
20,525,70161,31.076618,-116.210003,61
20,526,71966,31.723551,-116.571491,32
20,527,68645,30.624356,-114.698754,10
20,530,71507,31.760074,-116.540254,37
20,531,68254,30.737193,-114.697453,1
20,532,69866,31.759328,-116.583339,11
20,533,70866,31.552325,-115.73296,1040
20,535,71440,31.680852,-116.518419,92
20,536,69585,31.904613,-116.566029,114
20,537,69408,31.581815,-116.432603,142
20,538,70816,31.810655,-116.577194,60
20,539,68250,31.810621,-116.581283,48
20,540,69510,31.767859,-116.573483,20
20,543,71853,31.383612,-115.728288,769
20,544,68740,31.887063,-116.548748,177
20,545,68540,32.028172,-116.673406,300
20,546,70420,31.812144,-116.577141,112
20,547,69524,32.088796,-116.587406,322
20,548,69310,31.906792,-116.724391,57
20,549,69200,31.729392,-116.613725,3
20,550,70460,31.957252,-116.297305,668
20,551,70400,31.326623,-116.250335,110
20,552,69340,30.947051,-116.214781,10
20,553,68270,31.971773,-116.337671,667
20,554,70255,31.551543,-116.406874,164
20,555,71286,31.988099,-116.664914,262
20,556,69507,32.121311,-116.541746,383
20,557,70150,31.689726,-116.606804,43
20,558,68670,31.793374,-116.468259,144
20,559,68483,32.033725,-116.6332,333
20,560,70412,31.635887,-116.422189,220
20,562,69912,31.038124,-116.19119,82
20,563,71590,31.576341,-116.504266,122
20,565,71310,31.623483,-116.439844,196
20,566,71376,31.969377,-116.658178,227
20,567,69123,31.701117,-116.545031,104
20,568,69060,31.556021,-116.616667,57
20,569,69696,32.112617,-116.509188,353
20,570,71205,31.659404,-115.818293,1179
21,1,75113,32.616948,-115.093446,27
21,2,73594,32.570283,-115.00039,23
21,3,74949,32.288498,-115.103066,12
21,4,75156,32.640832,-114.853833,29
21,5,74516,32.254228,-115.320054,8
21,6,73330,32.491518,-114.815669,28
21,7,74647,32.368006,-115.040128,18
21,8,73180,32.228011,-115.170267,8
21,9,74853,32.35825,-115.083989,13
21,10,75916,32.355971,-115.19639,11
21,11,74780,32.397127,-115.106045,15
21,12,75187,32.479811,-115.065542,23
21,13,75950,32.519393,-114.836057,29
21,14,73364,32.160986,-115.055865,9
21,15,72980,32.512066,-114.922471,27
21,16,73621,32.534768,-115.416253,4
21,17,73941,32.362369,-115.200478,10
21,18,75843,32.500984,-115.39884,8
21,19,74367,32.310477,-115.140771,9
21,20,75620,32.554638,-115.236002,11
21,21,74590,32.36074,-114.978328,17
21,22,74506,32.371493,-115.098325,13
21,23,75540,32.428708,-115.062404,18
21,23,75547,32.178797,-114.991993,11
21,24,74838,32.632789,-115.296266,15
21,25,73572,32.632249,-115.030902,17
21,26,74180,32.665953,-114.896527,28
21,26,74180,32.492299,-114.890414,23
21,26,74183,32.541742,-114.992717,22
21,27,75896,32.348434,-115.098884,10
21,28,73420,32.608111,-115.190752,15
21,28,73425,32.667484,-114.7551,39
21,30,73410,32.614073,-115.196695,15
21,31,74651,32.654228,-115.304899,12
21,32,74741,32.546082,-114.831888,28
21,33,74522,32.554424,-115.525035,6
21,34,72685,32.59598,-115.177121,15
21,35,75985,32.405961,-115.083474,16
21,36,75991,32.54163,-114.993709,22
21,37,74915,32.299891,-115.14276,10
21,38,75421,32.250154,-115.09713,10
21,39,73600,32.361004,-114.998414,17
21,40,75233,32.569628,-115.386439,5
21,41,72723,32.272254,-115.095078,12
21,42,74813,32.554978,-114.816671,26
21,42,74818,32.567042,-115.525069,5
21,43,73563,32.665169,-114.853839,30
21,44,73985,32.581205,-115.504372,7
21,45,75535,32.393491,-115.035783,18
21,46,75810,32.472675,-115.127369,17
21,47,74733,32.584343,-115.517091,5
21,48,74155,32.544566,-115.485634,7
21,49,73329,32.400258,-115.016319,19
21,50,75093,32.387368,-115.032948,18
21,51,74585,32.651374,-114.850871,28
21,52,74670,32.284151,-115.039503,14
21,53,73301,32.449879,-114.964364,18
21,54,73957,32.30051,-115.016573,16
21,55,74998,32.567835,-115.106234,18
21,56,74760,32.546335,-115.520965,8
21,57,73130,32.613828,-115.28676,11
21,58,75070,32.613931,-115.649176,1
21,59,74842,32.265493,-115.086141,13
21,60,74173,32.444005,-115.203454,12
21,61,75920,32.411189,-115.044028,23
21,62,74634,32.585382,-115.138104,14
21,63,75565,32.163435,-115.035742,9
21,64,73008,32.608999,-115.197256,13
21,65,75178,32.534796,-115.388764,7
21,66,74893,32.370185,-115.072936,19
21,67,75044,32.65909,-114.758491,36
21,68,73392,32.36743,-115.109956,12
21,69,74379,32.578363,-115.499602,7
21,70,75387,32.220934,-115.159255,5
21,71,73177,32.64208,-115.016384,15
21,72,73475,32.50104,-114.902479,27
21,73,74724,32.54514,-115.383875,7
21,74,74160,32.352233,-115.037254,15
21,75,73926,32.400091,-115.009576,19
21,76,73580,32.442603,-115.039368,19
21,77,73436,32.559299,-115.505789,6
21,78,73456,32.295253,-115.024049,15
21,79,75641,32.259487,-115.065135,15
21,80,73490,32.621794,-114.997906,21
21,80,73495,32.147933,-115.074308,8
21,81,74770,32.521023,-115.073211,18
21,82,74904,32.553514,-115.385815,7
21,83,73736,32.588541,-115.339914,8
21,84,73480,32.602011,-115.183204,18
21,85,74410,32.605757,-115.194914,13
21,86,73055,32.642564,-114.98805,24
21,87,74714,32.180777,-115.671471,21
21,88,73530,32.443398,-114.970102,19
21,89,73260,32.242712,-115.065816,14
21,90,72665,32.573189,-115.459298,2
21,91,73214,32.457974,-115.109192,19
21,92,75694,32.299456,-115.100932,10
21,93,75060,32.600677,-115.271686,14
21,94,73791,32.239356,-115.124358,9
21,96,75138,32.395049,-115.033435,17
21,97,75270,32.547919,-115.573428,5
21,98,75653,32.113848,-115.006814,17
21,99,75590,32.658989,-115.035504,39
21,100,73140,32.541749,-115.403096,6
21,101,73554,32.242985,-115.164121,9
21,102,74300,32.648908,-115.607782,0
21,103,75837,32.558769,-115.557853,4
21,104,75129,32.485157,-115.360367,10
21,105,73763,32.378279,-115.083419,18
21,105,73764,32.369096,-115.090194,15
21,106,72864,32.161056,-115.024304,9
21,107,73407,32.61678,-115.271331,13
21,108,75024,32.376637,-115.056004,20
21,109,73117,31.092041,-114.942225,166
21,110,75515,32.641176,-115.475579,1
21,111,73021,32.465939,-115.309322,6
21,112,74976,32.409974,-115.190669,14
21,113,74885,31.106784,-114.907946,82
21,114,72160,31.02292,-114.838901,10
21,115,75470,32.509777,-116.306074,1038
21,116,75082,32.557185,-116.563568,708
21,117,75000,32.510942,-116.264124,1126
21,118,75412,32.56,-116.431732,878
21,119,72803,32.485248,-116.577605,746
21,120,75860,32.570401,-116.424482,932
21,121,74380,32.550067,-116.37637,988
21,122,74144,32.253376,-116.583555,451
21,123,73350,32.465496,-116.583377,700
21,124,75880,32.556655,-116.542256,605
21,125,74325,32.459697,-116.16152,1299
21,126,74310,32.524208,-116.567461,761
21,127,74957,32.554429,-116.590274,611
21,128,75010,32.349444,-116.610278,302
21,128,75014,32.535352,-116.573695,809
21,129,75973,32.518903,-116.591751,725
21,130,75197,32.348786,-116.608098,295
21,131,75360,32.354106,-116.614117,282
21,132,74043,32.572679,-116.62655,526
21,134,74117,32.417065,-117.026076,194
21,135,74986,32.476822,-116.728238,238
21,136,72620,32.416524,-116.949208,220
21,137,75038,32.427222,-116.848889,253
21,138,74190,32.405755,-116.920641,242
21,139,74863,32.432602,-116.980933,347
21,140,72755,32.502279,-116.794568,200
21,141,74964,32.439644,-116.946828,169
21,142,75160,32.414422,-116.918615,256
21,143,74133,32.483755,-116.788623,205
21,144,75443,32.44449,-116.821977,247
21,145,75943,32.538328,-116.828565,339
21,146,74660,32.466064,-117.103863,133
21,147,74820,32.462455,-116.806153,159
21,148,74355,32.501611,-116.788233,225
21,149,75827,32.496968,-116.761584,337
21,150,75322,32.415809,-116.951962,242
21,151,75280,32.443023,-117.053146,212
21,151,75290,32.539444,-116.757209,248
21,152,75147,32.524003,-116.78266,263
21,153,75245,32.42111,-117.018137,176
21,154,75485,32.451954,-116.680636,399
21,155,74875,32.516503,-116.7784,222
21,156,75793,32.532461,-117.018913,22
21,157,74807,32.343041,-117.012782,160
21,158,73505,32.191652,-116.902803,66
21,159,74600,32.263757,-116.999164,14
21,160,74700,32.181161,-116.909537,17
21,161,75809,32.204366,-116.902279,8
21,162,73370,32.291611,-116.85803,374
21,163,75100,32.356624,-116.952782,134
21,164,75200,32.272348,-116.965846,117
21,165,74534,32.275512,-116.983098,23
21,166,74393,32.285449,-116.99206,164
21,167,73340,32.249506,-116.943838,38
21,168,74550,32.112258,-116.884867,19
21,169,74693,32.115065,-116.885275,15
21,170,73995,32.248739,-116.936328,69
21,171,75635,32.237554,-116.929108,17
21,172,73640,32.347025,-116.990574,216
21,173,73939,32.319003,-117.002644,207
21,174,73887,32.363684,-117.054459,25
21,175,74340,32.261267,-116.989358,6
21,176,74565,32.176485,-116.686396,338
21,177,75681,32.100706,-116.868974,12
21,178,73072,32.252301,-116.940859,99
21,179,75059,30.843033,-116.062415,30
21,180,74105,29.67108,-115.566495,16
21,182,75600,30.79999,-116.033181,18
21,183,73226,30.701111,-115.999776,47
21,184,73289,30.476355,-115.918416,9
21,185,74540,30.924634,-116.125969,57
21,186,73909,30.063964,-115.720869,35
21,187,73068,30.321639,-115.820036,8
21,188,74339,30.76794,-116.007562,39
21,189,75613,30.724068,-116.009066,19
21,190,74930,30.587159,-115.954823,20
21,191,74790,30.543774,-115.917996,31
21,192,73510,30.57307,-115.971644,20
21,193,75305,30.579822,-115.9668,20
21,194,73045,30.388792,-115.863159,6
21,195,75900,30.723121,-116.014474,14
21,196,74927,30.72914,-115.970647,37
21,197,73080,30.513516,-115.958711,9
21,197,73088,30.505017,-115.963305,7
21,197,73096,30.390851,-115.876241,4
21,198,74757,30.494702,-115.972877,5
21,199,73975,30.568114,-115.94515,24
21,200,73660,30.946254,-116.011981,141
21,201,74620,30.546303,-115.958537,20
21,202,73464,30.391046,-115.869326,5
21,203,75665,30.093136,-115.735219,263
21,204,73913,30.387203,-115.856058,7
21,204,73915,30.56671,-116.005327,3
21,204,73916,28.288951,-114.000118,23
21,204,73916,30.601773,-115.983592,7
21,205,75678,30.525981,-115.931947,22
21,206,74684,30.496988,-115.927005,12
21,207,73687,30.860895,-116.080846,118
21,208,73314,30.657435,-115.968507,12
21,209,75876,30.514905,-115.912563,21
21,210,73440,30.513867,-115.945013,13
21,211,73700,30.68183,-115.985442,7
21,212,73740,30.515348,-115.935503,17
21,213,73244,28.92799,-114.153978,207
21,214,75960,30.522481,-115.914365,24
21,215,73380,30.602303,-115.969917,13
21,217,75930,30.378461,-115.84978,9
22,1,76893,30.732024,-115.989286,26
22,2,76319,17.031313,-96.699284,1544
22,3,76405,16.958281,-96.70765,1515
22,4,76528,16.326322,-95.227546,37
22,5,76295,18.071283,-96.536115,130
22,6,76904,16.567698,-95.098713,58
22,7,76664,16.352357,-94.483828,9
22,8,76965,17.296596,-96.904413,1718
22,9,76346,17.100807,-96.762562,1554
22,10,76393,17.945353,-96.170537,34
22,11,76244,16.378776,-96.336433,1684
22,12,76740,16.988882,-96.713196,1511
22,13,76478,17.801548,-96.959567,638
22,14,76114,18.081165,-96.118482,21
22,15,76568,16.158538,-97.125108,587
22,16,76815,18.601787,-96.682386,220
22,17,76754,17.305186,-96.207102,1303
22,18,76613,16.934399,-96.608509,1635
23,1,77670,17.129359,-96.801996,1600
23,2,77148,16.996001,-96.780591,1567
23,3,77410,18.029686,-96.468222,100
23,4,77014,18.057503,-96.397763,155
23,5,77516,16.287609,-94.195824,19
23,6,77894,16.196313,-96.694114,1884
23,7,77385,16.651172,-94.784202,87
23,8,77717,15.817678,-96.062617,25
23,9,77786,15.94924,-96.073607,357
23,10,77916,16.260031,-97.379643,762
24,1,78456,16.564276,-96.731901,1450
24,2,79375,16.781942,-96.581556,1684
24,3,79776,16.92186,-96.362155,1681
24,4,78986,16.492042,-95.033758,27
24,5,79384,16.653904,-98.089927,512
24,6,78560,18.14566,-96.510622,99
24,7,78537,15.922384,-97.119619,20
24,8,79442,15.98688,-96.982832,185
24,9,78447,15.862502,-97.071296,61
24,10,79357,15.66274,-96.509566,9
24,11,79655,15.746341,-96.46523,160
24,12,79805,16.322521,-94.321519,25
24,13,79273,16.013719,-97.437774,13
24,14,79867,17.588436,-96.551576,1877
24,15,78587,17.047865,-96.687624,1537
24,16,79152,16.994827,-96.471675,1668
24,17,78883,16.837875,-96.725939,1483
24,18,79880,16.237009,-97.292473,1432
24,19,79783,17.189032,-96.513378,2422
24,20,78793,17.0587,-96.684017,1536
24,21,78485,17.827661,-98.150788,1075
24,22,78904,16.322437,-96.673129,1805
24,23,79745,17.012745,-96.726481,1520
24,24,79600,17.027281,-96.734358,1529
24,25,78602,15.837861,-97.041808,27
24,26,79836,15.885299,-97.026159,73
24,27,79696,16.967161,-96.706736,1516
24,28,78425,16.433308,-95.021633,17
24,29,79950,16.55278,-94.946528,27
24,30,79483,16.302709,-95.090081,8
24,31,79797,17.956257,-97.024437,587
24,32,79562,16.997513,-96.01012,1842
24,33,78633,17.097537,-96.063252,2260
24,34,79826,18.005298,-95.929537,50
24,35,78435,18.109871,-95.879976,25
24,36,79707,17.242063,-96.821091,1658
24,37,79966,16.804263,-96.722414,1467
24,38,79944,17.564126,-96.547813,1989
24,39,79854,18.198618,-97.718197,1808
24,40,79207,18.188768,-97.68054,1700
24,41,79811,17.417636,-95.94841,792
24,42,79840,17.778536,-97.710848,1787
24,43,79594,17.82665,-97.731767,1630
24,44,78514,17.848474,-97.429743,2121
24,45,78937,16.279458,-97.819682,460
24,46,78496,17.33529,-98.012449,1678
24,47,78850,16.880957,-95.457116,392
24,48,78837,16.686459,-95.532658,766
24,49,78680,17.417959,-96.248592,1232
24,50,79525,16.802817,-96.439684,1773
24,51,78978,16.212179,-97.978571,8
24,52,79450,16.18737,-97.97126,33
24,53,79938,16.339009,-98.050348,205
24,54,79904,17.247126,-96.873686,1666
24,55,79557,16.974141,-97.085993,1793
24,56,78950,16.225571,-97.26936,1806
24,57,79977,17.465457,-95.451544,99
24,58,79318,16.50384,-95.057045,22
25,1,81280,16.588492,-94.76863,41
25,2,81675,16.332058,-95.232049,35
25,3,80634,16.482804,-94.353903,61
25,4,82666,17.171684,-96.820757,1591
25,5,80764,18.132334,-97.070704,1031
25,6,80300,16.877889,-95.042149,202
25,7,81709,16.328478,-96.596524,1561
25,8,82757,17.059993,-96.72545,1542
25,9,82458,16.428442,-97.977435,421
25,10,81878,16.685128,-96.685529,1581
25,11,81131,16.175885,-95.192159,6
25,12,82216,18.377537,-97.258304,1214
25,13,80850,19.050947,-98.42773,2231
25,14,82830,19.375803,-97.619351,2340
25,15,81543,18.873692,-97.61547,2170
25,16,82940,20.563624,-97.824974,162
25,17,81950,20.527254,-97.857277,203
25,18,80331,19.04399,-98.197495,2137
26,1,84930,18.902717,-97.634853,2158
26,2,84303,19.029457,-98.275708,2126
26,3,85773,19.062484,-98.307506,2141
26,4,83750,19.051613,-98.056151,2310
26,5,85695,19.057411,-98.089308,2289
26,6,84654,19.119228,-97.708445,2427
26,7,83837,18.795908,-97.7634,1968
26,8,84493,18.884692,-97.728416,2036
26,9,85676,18.11096,-98.314373,920
26,10,84397,18.548619,-97.486782,1733
26,11,84693,18.592299,-97.233778,2617
26,12,85277,18.462184,-97.391999,1628
26,13,84894,18.265339,-98.295574,1177
26,14,84953,18.318757,-98.193579,1177
26,15,84364,18.331714,-98.276126,1065
26,16,83927,18.492885,-97.463908,1695
26,17,83723,18.966133,-97.905434,2234
26,18,85207,18.908848,-98.434168,1834
26,19,84630,19.932365,-97.960244,2030
26,20,83393,19.710177,-97.595052,2431
26,21,85550,20.339154,-97.751063,208
26,22,84660,20.309135,-97.842699,660
26,23,84503,20.330582,-97.75987,415
26,24,84745,20.368886,-97.759157,438
26,25,85524,18.333268,-97.245413,1128
26,26,85287,19.107938,-98.459239,2421
26,27,84324,18.202301,-98.048606,1180
26,29,85470,18.979455,-97.78546,2140
26,30,83320,20.174698,-98.05134,1534
26,31,84403,18.320517,-98.844298,843
26,32,84535,18.375675,-98.897507,1466
26,33,85250,19.464733,-97.687726,2378
26,34,84860,18.77008,-97.354257,2499
26,35,84126,20.186444,-100.144195,2639
26,36,84176,20.595175,-100.33392,1987
26,37,85564,20.56382,-100.243659,1911
26,38,84566,20.60657,-100.331097,1864
26,39,84193,20.652848,-100.342472,2023
26,40,84446,20.799022,-100.312679,2049
26,41,84348,20.603211,-100.238508,1906
26,42,85890,20.593391,-100.389957,1832
26,43,84105,20.386441,-99.999632,1928
26,45,84824,20.609316,-99.953568,1942
26,46,83840,20.621615,-99.964839,1936
26,47,83960,20.518818,-99.88384,1870
26,48,83553,20.930257,-99.967708,1718
26,49,85734,20.908149,-99.930801,1562
26,50,84988,21.214115,-99.540505,1111
26,51,85713,21.04094,-99.61349,1084
26,52,85600,21.218008,-99.616255,1968
26,53,84960,21.09723,-99.461513,1424
26,54,85620,21.161672,-99.577203,1805
26,55,83515,21.287834,-99.544709,1479
26,56,83364,21.135303,-99.62754,2357
26,57,84705,21.49018,-99.656475,736
26,58,84600,21.312218,-99.511574,705
26,59,84147,20.808959,-99.619845,2782
26,60,83870,20.892047,-99.622161,2290
26,61,85641,20.783946,-99.717371,2228
26,62,85580,20.692104,-99.575093,1874
26,63,84760,20.681795,-99.740755,2076
26,64,83931,20.695023,-99.815633,2043
26,65,83800,20.708176,-99.603684,1911
26,66,84900,20.706401,-99.643807,2060
26,67,84583,20.683056,-99.530477,1864
26,68,84775,20.874167,-99.706944,1930
26,69,85796,20.577993,-99.705207,1659
26,70,83573,20.911644,-99.444697,1344
26,71,85293,20.693174,-99.710004,2023
26,72,85518,20.788326,-100.045431,1904
27,1,86940,20.552436,-100.445883,1811
27,2,86495,21.216802,-99.472911,762
27,3,86754,20.503784,-86.957588,0
27,4,86108,18.676147,-88.389353,11
27,5,86320,20.863039,-87.048945,5
27,6,86690,20.987579,-87.204527,6
27,7,86998,20.954303,-87.176381,10
27,8,86436,19.57851,-88.046587,11
27,9,86853,19.142812,-88.169666,8
27,10,86209,20.359251,-88.036974,26
27,11,86780,20.197147,-88.374148,30
27,12,86709,21.256569,-86.746092,0
27,13,86230,18.556224,-88.252583,5
27,14,86600,18.493889,-88.297899,2
27,15,86877,18.702354,-88.976394,93
27,16,86823,18.900224,-87.633463,1
27,17,86925,18.274044,-88.681339,38
28,1,87760,18.106336,-88.728073,50
28,2,89670,18.493833,-88.480198,7
28,3,89604,17.897855,-88.8776,11
28,4,89960,18.463513,-89.071807,130
28,5,88897,18.520653,-88.430711,2
28,6,87968,18.716683,-87.708393,1
28,7,88443,18.539907,-88.467029,22
28,8,87250,18.56676,-88.247507,9
28,8,87253,18.197566,-88.676761,8
28,9,89505,18.458536,-88.931978,99
28,10,87655,18.693572,-87.716473,1
28,11,89789,18.419457,-88.531018,8
28,12,89746,18.356734,-88.589895,51
28,13,87233,18.465571,-88.519956,19
28,14,88373,18.115416,-88.717119,41
28,15,88405,18.375232,-89.013444,149
28,16,87805,18.701639,-88.856361,139
28,17,87932,18.495053,-88.394912,2
28,18,87700,18.505741,-88.519438,21
28,19,87213,18.554311,-88.466016,20
28,20,87865,21.088118,-86.847481,9
28,21,89827,21.161416,-86.824811,5
28,22,87396,19.749393,-88.710515,21
28,23,88882,20.938853,-87.322629,7
28,24,88390,21.328144,-87.375118,11
28,25,88302,20.943475,-87.325426,4
28,26,87954,20.828828,-87.282521,12
28,27,88295,20.628143,-87.0755,8
28,28,89970,20.516061,-87.236929,9
28,29,87986,20.490584,-87.248728,7
28,30,87785,20.798711,-87.013175,8
28,31,87974,20.611797,-87.123742,9
28,32,88875,20.210777,-87.463205,5
28,33,88980,22.399846,-99.600574,1250
28,34,87730,22.581509,-99.587239,1353
28,35,87618,22.481999,-99.849481,1020
28,36,87668,22.577925,-99.665388,1381
28,37,87695,22.50727,-99.655844,1302
28,38,89060,21.943512,-100.011022,998
28,39,87924,21.64151,-98.935267,95
28,40,87505,21.597319,-98.966388,214
28,41,87024,21.986537,-99.018721,83
28,42,87885,21.924649,-99.101593,140
28,43,89759,22.220021,-98.989652,301
29,1,90635,22.016978,-98.969332,185
29,2,90606,21.829785,-98.854594,44
29,3,90416,21.961551,-99.115133,144
29,4,90557,22.193641,-99.101143,150
29,5,90406,21.975778,-99.257377,289
29,6,90205,21.979514,-98.932704,160
29,7,90573,22.012311,-99.137038,152
29,8,90564,21.541143,-98.903469,131
29,9,90660,21.514947,-98.914738,179
29,10,90804,21.490617,-98.940917,366
29,11,90423,23.129818,-101.113352,2019
29,12,90298,23.06471,-100.872261,2003
29,13,90502,23.054711,-100.881154,2010
29,14,90245,23.186516,-100.978797,1983
29,15,90130,22.212339,-98.377803,61
29,16,90583,22.199364,-98.412338,23
29,17,90875,22.249747,-98.372027,50
29,18,90693,22.192316,-98.564733,47
29,19,90706,22.186944,-98.388056,10
29,20,90234,22.183852,-98.514097,27
29,21,90280,22.262173,-98.589591,70
29,22,90861,22.281774,-98.602319,62
29,23,90723,22.018472,-98.465054,16
29,24,90150,22.861989,-100.506538,1376
29,25,90930,23.142956,-100.446949,1320
29,26,90640,22.921769,-100.464066,1430
29,27,90880,22.930883,-100.339207,1335
29,28,90850,22.795728,-100.162517,1164
29,29,90185,22.689871,-100.50351,1473
29,30,90540,23.011017,-100.471653,1320
29,31,90438,21.4839,-98.972198,84
29,32,90733,21.483089,-98.967503,95
29,33,90115,22.127894,-99.600389,1284
29,34,90257,22.068156,-99.626635,1317
29,35,90480,23.748837,-100.562391,1578
29,36,90166,23.614206,-100.654558,1581
29,37,90596,23.618641,-100.656286,1589
29,38,90490,23.646359,-100.644198,1577
29,39,90460,23.568692,-100.643576,1517
29,40,90444,23.708299,-100.627982,1579
29,41,90790,23.616049,-100.677092,1641
29,42,90780,23.369589,-100.617684,1405
29,43,90456,22.360064,-101.137214,1839
29,44,90750,22.270125,-101.007466,1855
29,45,90237,22.240096,-101.094234,2031
29,46,90548,22.253628,-101.005696,1863
29,47,90546,22.240563,-101.005446,1866
29,48,90833,22.218898,-101.02885,1910
29,49,90736,22.192094,-101.053335,1942
29,50,90843,22.216525,-101.093347,2022
29,51,90738,22.387396,-101.031381,1845
29,52,90498,22.734605,-100.98775,1650
29,53,90195,22.626771,-101.207254,2006
29,54,90760,22.6609,-101.300458,1993
29,55,90446,22.732664,-101.335535,1921
29,56,90139,22.584197,-101.173921,1956
29,57,90725,22.635952,-101.22711,2013
29,58,90774,22.673329,-101.172501,1923
29,59,90867,22.75126,-100.985742,1648
29,60,90193,22.72619,-100.935397,1619
30,1,91320,22.729776,-100.949238,1626
30,2,91420,22.815833,-101.122222,1814
30,3,96070,22.749894,-101.085559,1719
30,4,91482,22.669271,-101.129733,1828
30,5,95447,21.854169,-99.628229,1007
30,6,94765,21.726568,-99.676111,1159
30,7,94235,21.879006,-99.623258,1043
30,8,94135,21.890139,-99.479087,1093
30,9,91476,21.927381,-99.460078,1047
30,10,93710,21.843724,-99.645315,975
30,11,95276,21.826391,-100.036331,1060
30,12,95454,21.885042,-100.053477,1015
30,13,92390,21.715536,-100.013448,1045
30,14,94945,21.926337,-99.868645,1020
30,15,95845,21.896924,-100.102758,1082
30,16,91680,21.842714,-99.957511,988
30,17,91646,21.967526,-99.982403,992
30,17,91649,21.698076,-100.128434,1131
30,18,94755,21.947329,-99.960149,989
30,19,94813,21.925683,-99.849628,1048
30,20,94835,21.88978,-99.903894,970
30,21,94968,21.932378,-99.992923,991
30,22,94440,21.772793,-99.907032,896
30,23,93685,21.981687,-99.844522,1039
30,24,94021,23.097894,-101.559256,2019
30,25,91260,22.525179,-101.76613,2093
30,26,91302,22.64379,-101.783334,2122
30,27,92665,22.75753,-101.648161,2035
30,28,94294,22.628015,-101.715735,2070
30,29,94124,21.597433,-98.88569,254
30,30,94744,21.609413,-98.866394,229
30,31,94985,21.650865,-98.750472,116
30,32,95870,21.638167,-98.871166,261
30,33,92970,21.595556,-99.828611,969
30,34,92514,21.650007,-99.818685,899
30,35,92259,22.623668,-101.033359,1713
30,36,91375,22.527569,-101.023123,1705
30,37,93122,22.475128,-101.041537,1739
30,38,91575,22.114715,-100.844775,1842
30,39,96536,22.151655,-100.976958,1864
30,40,93170,21.481418,-98.598889,96
30,42,93954,21.241649,-98.631762,133
30,43,94210,21.287174,-98.638354,125
30,44,94553,21.369703,-98.657238,185
30,45,95429,21.748393,-99.056335,82
30,46,91626,21.565728,-99.077893,882
30,47,94140,21.637858,-99.026818,70
30,48,96348,22.047321,-100.458006,1189
30,49,94993,21.700192,-99.474944,451
30,50,93068,21.516941,-99.463654,950
30,51,93140,21.443528,-99.515096,886
30,52,94920,21.685213,-99.395056,402
30,53,94910,21.496944,-99.487222,953
30,54,95563,21.734408,-100.751218,1846
30,55,92180,21.790194,-100.759398,1759
30,56,92150,21.814327,-100.653843,1757
30,57,93893,21.836944,-100.511944,1837
30,58,92705,21.711513,-100.662619,1743
30,59,95983,21.824764,-100.800846,1828
30,60,92420,21.881799,-100.78198,1837
30,61,96995,21.800439,-100.737109,1716
30,62,94160,23.250386,-101.644103,2009
30,63,92205,23.153898,-102.192434,1969
30,65,91633,21.736267,-98.555367,26
30,66,93193,21.857085,-98.594711,35
30,68,94475,21.714944,-98.585718,39
30,69,93559,22.239722,-100.889444,1837
30,70,96948,22.3619,-100.847096,1828
30,71,94107,22.155689,-100.881702,1843
30,72,92600,22.228136,-100.870827,1832
30,73,95854,22.187881,-100.937274,1850
30,74,94793,21.825948,-99.382901,1039
30,75,95247,21.854336,-99.408274,1018
30,76,92623,21.900706,-99.307707,554
30,77,95650,21.923902,-99.39216,354
30,78,92270,21.208601,-98.671576,142
30,79,91255,21.267001,-98.852577,476
30,80,94180,21.187197,-98.836328,819
30,81,94437,21.250154,-98.707935,138
30,82,96365,21.25041,-98.751005,156
30,83,92687,21.196593,-98.832148,864
30,84,95430,21.262738,-98.791518,129
30,85,94456,21.175082,-98.813491,501
30,86,93662,21.368211,-98.718867,247
30,87,91153,21.560352,-98.815114,85
30,88,94019,21.961775,-98.868376,41
30,89,96318,22.062264,-98.564381,32
30,90,94267,22.002227,-98.737822,15
30,91,96978,22.343036,-98.706228,82
30,92,91247,21.886389,-98.819167,40
30,93,91380,22.004147,-98.775161,23
30,94,95680,21.674971,-98.927511,95
30,95,91444,21.695304,-98.873399,80
30,96,93860,21.749085,-98.887319,40
30,97,95295,21.677325,-98.781006,142
30,98,94877,21.811439,-98.830144,28
30,99,94700,21.688147,-98.681507,123
30,100,94250,21.665664,-98.88807,130
30,101,94420,21.589289,-98.694653,46
30,102,93607,21.598088,-98.662063,42
30,103,93085,21.667878,-100.557303,1817
30,104,95930,21.715062,-100.349634,1759
30,105,94276,21.681001,-100.5559,1835
30,106,91413,21.667456,-100.573918,1780
30,107,93740,24.216421,-100.914682,1704
30,108,96927,22.931344,-101.094629,1788
30,109,93847,21.910136,-101.38337,2177
30,110,95045,23.423548,-100.792642,1788
30,111,96375,23.428056,-100.675364,1502
30,112,91400,23.24919,-100.877067,1968
30,113,94880,23.506804,-100.723389,1610
30,114,93814,23.517394,-100.741454,1652
30,115,94726,23.374425,-100.757897,1637
30,116,96164,23.657842,-100.731363,1862
30,117,94906,23.00282,-102.17427,1990
30,118,94315,22.802629,-102.038906,2041
30,119,95513,22.000904,-99.642505,1211
30,120,96330,21.971508,-99.611335,1266
30,121,92086,21.984174,-99.577589,1185
30,122,95966,21.950231,-99.642826,1161
30,123,93994,21.735815,-100.9286,1868
30,124,93460,21.943298,-100.860391,1816
30,125,94974,21.803124,-100.932486,1814
30,126,91670,22.505144,-100.66297,1573
30,127,94150,22.496537,-100.610484,1502
30,128,91275,22.448693,-100.678864,1667
30,129,92130,22.392577,-100.067349,1086
30,130,95600,21.436389,-98.875,76
30,131,93270,21.413739,-98.846842,106
30,132,91335,21.369451,-98.941291,707
30,133,92033,21.441958,-98.949164,96
30,134,91653,21.316699,-99.016305,1416
30,135,94410,21.361852,-98.939355,748
30,136,91315,21.33252,-98.992435,927
30,137,95060,21.331677,-98.968958,384
30,138,94733,21.456096,-99.010879,947
30,139,95486,21.385193,-98.989573,674
30,140,94850,21.964911,-100.816314,1861
30,141,95805,22.035605,-100.730967,1973
30,142,96137,22.644772,-100.84902,1614
30,143,95839,23.819332,-100.726606,1701
30,144,96151,23.738769,-100.743121,1868
30,145,96170,23.815808,-100.561084,1749
30,146,94060,24.050509,-100.544335,2014
30,147,94775,23.875684,-100.758191,1718
30,148,94249,23.86645,-100.776738,1719
30,149,95924,22.427666,-100.279597,1192
30,150,92495,22.43583,-100.421619,1252
30,151,92596,22.394911,-100.317591,1152
30,152,92043,22.443504,-100.094671,1145
30,153,92550,22.157776,-100.798167,1922
30,154,92454,22.154662,-100.881099,1844
30,155,92104,25.92055,-109.174698,9
30,156,93760,25.8492,-109.207297,5
30,156,93761,25.794951,-108.925968,15
30,157,92941,26.084163,-109.378314,1
30,158,93588,25.87755,-108.901894,43
30,159,95039,25.851251,-108.960021,19
30,160,92750,25.765074,-108.832645,9
30,161,92076,25.873509,-109.043703,14
30,162,94035,26.336031,-109.026379,21
30,163,93783,25.966262,-109.296733,0
30,164,91615,25.788008,-108.9576,15
30,165,94190,26.214749,-109.265258,15
30,166,91430,25.972793,-109.042062,22
30,167,92530,25.9445,-109.011276,25
30,168,94840,25.95845,-109.028111,9
30,169,95580,25.995669,-109.273436,35
30,170,92640,25.876123,-109.002313,17
30,171,95070,25.935104,-109.154972,7
30,172,96192,25.856689,-109.326775,4
30,173,95080,25.783417,-108.994343,9
30,174,95160,25.946789,-109.049675,17
30,175,92903,25.975725,-108.874206,19
30,176,95520,26.022281,-108.831589,26
30,177,91354,25.966387,-108.904033,19
30,178,95469,26.421599,-108.619966,81
30,179,94090,26.399568,-108.663586,70
30,180,92670,26.366814,-108.592401,101
30,181,95235,25.953134,-108.930456,19
30,182,91233,25.926704,-108.780868,28
30,183,93655,25.70458,-108.718141,18
30,184,94800,25.696374,-108.812815,9
30,185,94860,25.463814,-108.477797,11
30,186,94173,25.607522,-108.441386,20
30,187,91360,25.572418,-108.445182,16
30,188,94054,25.571077,-108.307071,24
30,189,92853,25.539268,-108.41102,12
30,190,95540,25.437603,-108.490024,7
30,191,91668,25.705456,-108.313695,41
30,192,93980,25.565547,-108.471818,21
30,193,91694,25.755127,-108.820839,8
30,194,91341,25.595627,-108.461819,11
30,195,94820,25.604005,-108.614483,12
30,195,94825,25.609537,-108.528088,19
30,196,94934,25.727737,-108.395936,30
30,197,93900,25.58889,-108.41777,23
30,198,92650,25.555836,-108.497569,16
30,199,96320,25.678286,-108.50051,27
30,200,94220,25.525738,-108.614784,6
30,201,95019,25.536416,-108.456528,10
30,202,92639,25.446849,-108.450673,11
30,203,93010,25.55081,-108.322,20
30,204,96610,23.123616,-106.276232,5
30,205,92404,23.306589,-106.218036,35
30,206,96360,23.1947,-106.339484,4
30,207,95380,23.351239,-106.417367,61
30,208,95349,23.189834,-106.230278,11
30,209,95953,23.557692,-106.468816,36
30,210,96998,23.186923,-106.330386,9
30,211,93623,23.090256,-106.151468,7
30,212,95637,23.65035,-106.485011,160
31,1,97825,23.507031,-106.313394,120
31,2,97380,23.269508,-106.328881,63
31,3,97993,23.602972,-106.444637,91
31,4,97452,23.390041,-106.370947,100
31,6,97623,23.18762,-106.258141,19
31,7,97460,23.426042,-106.357464,160
31,8,97747,23.221171,-106.168625,46
31,9,97416,23.270644,-106.360699,29
31,11,97367,23.358741,-106.421996,59
31,12,97643,23.424433,-106.376539,140
31,13,97345,23.513389,-106.392456,86
31,14,97766,23.254885,-106.256034,23
31,15,97577,23.462453,-106.393837,118
31,16,97955,23.242368,-106.262891,37
31,17,97759,23.50491,-106.379266,107
31,18,97858,23.580927,-106.153663,151
31,19,97774,23.510573,-106.590713,11
31,20,97342,23.460996,-106.524787,10
31,21,97760,23.191793,-106.242624,11
31,22,97944,23.200316,-106.422221,10
31,23,97816,23.785108,-106.025061,804
31,24,97906,23.297688,-106.321521,60
31,26,97404,23.213159,-106.260468,28
31,27,97500,23.205196,-106.206239,20
31,28,97608,23.218872,-106.25559,19
31,29,97604,23.13132,-106.283808,5
31,30,97665,23.117039,-106.300086,2
31,32,97730,23.175823,-106.229531,9
31,33,97836,23.187001,-106.248338,11
31,34,97564,23.246363,-106.194489,39
31,36,97580,23.282498,-106.441201,9
31,39,97344,23.266248,-106.319746,55
31,40,97556,23.359603,-106.381728,87
31,41,97370,23.242427,-106.252616,22
31,42,97675,23.401111,-106.349073,108
31,43,97765,23.279956,-106.42655,17
31,44,97360,23.340736,-106.241102,25
31,45,97818,23.458932,-106.269869,83
31,46,97900,23.669737,-106.503622,207
31,47,97851,23.37549,-106.278921,68
31,48,97804,23.188643,-106.219964,12
31,49,97908,25.638276,-107.772432,260
31,50,97256,22.990874,-105.853757,30
31,52,97434,23.026804,-105.944337,31
31,53,97844,23.110524,-105.667508,100
31,54,97458,22.963171,-106.114553,3
31,55,97815,23.01082,-106.155288,4
31,56,97883,25.479741,-108.167474,36
31,57,97615,25.449449,-108.272913,15
31,58,97934,25.457,-108.0807,49
31,59,97320,25.44467,-108.240914,22
31,60,97655,25.467467,-108.095125,46
31,61,97726,25.387864,-108.03215,90
31,62,97848,25.466683,-108.095021,46
31,65,97617,25.400014,-108.259304,17
31,66,97896,25.55593,-108.097248,66
31,67,97574,25.43495,-108.272287,16
31,68,97420,25.468641,-108.124241,40
31,69,97694,25.587276,-108.112677,67
31,70,97636,25.238923,-107.900118,199
31,71,97677,25.444466,-108.054416,59
31,73,97945,23.664549,-106.802001,5
31,74,97490,23.820743,-106.660402,19
31,75,97910,24.09685,-106.12162,695
31,76,97824,23.721843,-106.781788,15
31,77,97535,23.586265,-106.695558,10
31,78,97522,23.819454,-106.694694,27
31,79,97983,23.743095,-106.529353,125
31,80,97683,23.895762,-106.261585,332
31,81,97768,24.029087,-106.435754,277
31,82,97403,23.981778,-106.085977,443
31,84,97515,24.157668,-106.407873,922
31,85,97743,23.814881,-106.423088,272
31,86,97532,23.823144,-106.396107,240
31,87,97365,23.777757,-106.391768,304
31,88,97524,23.78759,-106.514629,189
31,89,97860,23.923629,-106.620625,68
31,91,97751,23.845522,-106.42514,240
31,92,97763,23.941872,-106.596527,67
31,93,97473,23.712771,-106.429069,182
31,94,97954,23.826139,-106.669698,20
31,95,97388,23.946536,-106.391964,172
31,96,97710,23.940276,-106.425497,148
31,97,97654,25.763915,-108.334967,43
31,98,97967,25.855954,-108.631183,51
31,99,97798,25.689908,-108.142105,90
31,100,97357,25.784911,-108.303109,64
31,101,97390,25.787138,-108.260612,51
31,102,97783,25.673108,-108.240796,46
31,103,97566,25.783292,-108.473081,42
31,104,97925,25.8175,-108.201108,62
31,105,97348,26.213177,-108.300047,201
31,106,97425,25.793761,-107.840131,217
32,1,99940,26.00559,-108.392591,111
32,2,99930,25.896206,-108.354122,85
32,3,99734,25.835384,-108.142166,58
32,4,99790,25.788477,-107.850282,211
32,5,98507,25.801376,-108.477828,46
32,6,98480,25.961788,-108.391877,86
32,7,98211,25.824678,-108.648001,38
32,8,98698,25.740097,-108.295357,39
32,9,99260,26.312439,-107.920495,1644
32,10,99170,25.753969,-108.084741,143
32,11,99830,25.750386,-108.592525,40
32,12,98677,25.774831,-108.162948,89
32,13,98560,25.897241,-107.682452,1362
32,14,98350,25.84924,-108.128151,72
32,15,99593,25.7324,-107.947963,314
32,16,98730,25.86485,-108.157195,70
32,17,98610,25.822372,-108.222046,80
32,18,99670,24.992204,-107.871871,30
32,19,99624,24.543608,-107.702419,4
32,20,99350,24.817831,-107.653604,15
32,22,98320,24.573765,-107.799172,1
32,23,99960,24.613562,-107.654702,5
32,24,98815,24.65737,-107.540778,11
32,25,98770,24.767219,-107.69676,12
32,26,98240,24.729681,-107.738478,7
32,27,98220,24.753719,-107.517167,20
32,28,99867,24.742171,-107.516961,19
32,29,98330,24.773523,-107.553993,21
32,30,99720,24.821515,-107.642914,14
32,31,99410,24.629323,-107.655749,6
32,32,98100,24.750313,-107.726013,14
32,33,99998,24.769111,-107.608838,18
32,34,99906,25.36436,-108.159489,25
32,35,98890,25.233326,-108.057482,31
32,36,98700,25.057626,-107.914552,20
32,37,98546,25.382951,-108.158894,29
32,38,98920,25.080775,-108.053873,4
32,39,98424,25.428792,-108.115077,49
32,40,99140,25.362652,-107.551018,212
32,41,98290,25.620109,-107.529971,479
32,42,99100,25.303065,-107.547996,223
32,44,99630,25.963789,-107.285361,1621
32,45,99753,25.995843,-107.37556,792
32,46,99580,26.037221,-107.31878,1607
32,47,99800,25.185081,-107.262373,403
32,48,99700,25.712585,-107.124632,1197
32,49,99200,26.042773,-107.339663,1255
32,50,98150,25.564605,-107.364724,1001
32,51,98436,25.754377,-107.1961,853
32,52,98910,25.16664,-107.270741,346
32,53,98870,25.298925,-107.437843,267
32,54,98990,25.358603,-107.726966,210
32,55,99545,25.371663,-107.545873,203
32,56,98176,25.786688,-107.333883,620
32,57,98647,25.926552,-107.502124,841
32,58,99828,23.163108,-106.086441,81
